feature_start_date,feature_end_date,target_start_date,target_end_date,sequence_id
1990-04-01,1990-04-30,1990-05-01,1990-05-07,1
1990-04-02,1990-05-01,1990-05-02,1990-05-08,2
1990-04-03,1990-05-02,1990-05-03,1990-05-09,3
1990-04-04,1990-05-03,1990-05-04,1990-05-10,4
1990-04-05,1990-05-04,1990-05-05,1990-05-11,5
1990-04-06,1990-05-05,1990-05-06,1990-05-12,6
1990-04-07,1990-05-06,1990-05-07,1990-05-13,7
1990-04-08,1990-05-07,1990-05-08,1990-05-14,8
1990-04-09,1990-05-08,1990-05-09,1990-05-15,9
1990-04-10,1990-05-09,1990-05-10,1990-05-16,10
1990-04-11,1990-05-10,1990-05-11,1990-05-17,11
1990-04-12,1990-05-11,1990-05-12,1990-05-18,12
1990-04-13,1990-05-12,1990-05-13,1990-05-19,13
1990-04-14,1990-05-13,1990-05-14,1990-05-20,14
1990-04-15,1990-05-14,1990-05-15,1990-05-21,15
1990-04-16,1990-05-15,1990-05-16,1990-05-22,16
1990-04-17,1990-05-16,1990-05-17,1990-05-23,17
1990-04-18,1990-05-17,1990-05-18,1990-05-24,18
1990-04-19,1990-05-18,1990-05-19,1990-05-25,19
1990-04-20,1990-05-19,1990-05-20,1990-05-26,20
1990-04-21,1990-05-20,1990-05-21,1990-05-27,21
1990-04-22,1990-05-21,1990-05-22,1990-05-28,22
1990-04-23,1990-05-22,1990-05-23,1990-05-29,23
1990-04-24,1990-05-23,1990-05-24,1990-05-30,24
1990-04-25,1990-05-24,1990-05-25,1990-05-31,25
1990-04-26,1990-05-25,1990-05-26,1990-06-01,26
1990-04-27,1990-05-26,1990-05-27,1990-06-02,27
1990-04-28,1990-05-27,1990-05-28,1990-06-03,28
1990-04-29,1990-05-28,1990-05-29,1990-06-04,29
1990-04-30,1990-05-29,1990-05-30,1990-06-05,30
1990-05-01,1990-05-30,1990-05-31,1990-06-06,31
1990-05-02,1990-05-31,1990-06-01,1990-06-07,32
1990-05-03,1990-06-01,1990-06-02,1990-06-08,33
1990-05-04,1990-06-02,1990-06-03,1990-06-09,34
1990-05-05,1990-06-03,1990-06-04,1990-06-10,35
1990-05-06,1990-06-04,1990-06-05,1990-06-11,36
1990-05-07,1990-06-05,1990-06-06,1990-06-12,37
1990-05-08,1990-06-06,1990-06-07,1990-06-13,38
1990-05-09,1990-06-07,1990-06-08,1990-06-14,39
1990-05-10,1990-06-08,1990-06-09,1990-06-15,40
1990-05-11,1990-06-09,1990-06-10,1990-06-16,41
1990-05-12,1990-06-10,1990-06-11,1990-06-17,42
1990-05-13,1990-06-11,1990-06-12,1990-06-18,43
1990-05-14,1990-06-12,1990-06-13,1990-06-19,44
1990-05-15,1990-06-13,1990-06-14,1990-06-20,45
1990-05-16,1990-06-14,1990-06-15,1990-06-21,46
1990-05-17,1990-06-15,1990-06-16,1990-06-22,47
1990-05-18,1990-06-16,1990-06-17,1990-06-23,48
1990-05-19,1990-06-17,1990-06-18,1990-06-24,49
1990-05-20,1990-06-18,1990-06-19,1990-06-25,50
1990-05-21,1990-06-19,1990-06-20,1990-06-26,51
1990-05-22,1990-06-20,1990-06-21,1990-06-27,52
1990-05-23,1990-06-21,1990-06-22,1990-06-28,53
1990-05-24,1990-06-22,1990-06-23,1990-06-29,54
1990-05-25,1990-06-23,1990-06-24,1990-06-30,55
1991-04-01,1991-04-30,1991-05-01,1991-05-07,92
1991-04-02,1991-05-01,1991-05-02,1991-05-08,93
1991-04-03,1991-05-02,1991-05-03,1991-05-09,94
1991-04-04,1991-05-03,1991-05-04,1991-05-10,95
1991-04-05,1991-05-04,1991-05-05,1991-05-11,96
1991-04-06,1991-05-05,1991-05-06,1991-05-12,97
1991-04-07,1991-05-06,1991-05-07,1991-05-13,98
1991-04-08,1991-05-07,1991-05-08,1991-05-14,99
1991-04-09,1991-05-08,1991-05-09,1991-05-15,100
1991-04-10,1991-05-09,1991-05-10,1991-05-16,101
1991-04-11,1991-05-10,1991-05-11,1991-05-17,102
1991-04-12,1991-05-11,1991-05-12,1991-05-18,103
1991-04-13,1991-05-12,1991-05-13,1991-05-19,104
1991-04-14,1991-05-13,1991-05-14,1991-05-20,105
1991-04-15,1991-05-14,1991-05-15,1991-05-21,106
1991-04-16,1991-05-15,1991-05-16,1991-05-22,107
1991-04-17,1991-05-16,1991-05-17,1991-05-23,108
1991-04-18,1991-05-17,1991-05-18,1991-05-24,109
1991-04-19,1991-05-18,1991-05-19,1991-05-25,110
1991-04-20,1991-05-19,1991-05-20,1991-05-26,111
1991-04-21,1991-05-20,1991-05-21,1991-05-27,112
1991-04-22,1991-05-21,1991-05-22,1991-05-28,113
1991-04-23,1991-05-22,1991-05-23,1991-05-29,114
1991-04-24,1991-05-23,1991-05-24,1991-05-30,115
1991-04-25,1991-05-24,1991-05-25,1991-05-31,116
1991-04-26,1991-05-25,1991-05-26,1991-06-01,117
1991-04-27,1991-05-26,1991-05-27,1991-06-02,118
1991-04-28,1991-05-27,1991-05-28,1991-06-03,119
1991-04-29,1991-05-28,1991-05-29,1991-06-04,120
1991-04-30,1991-05-29,1991-05-30,1991-06-05,121
1991-05-01,1991-05-30,1991-05-31,1991-06-06,122
1991-05-02,1991-05-31,1991-06-01,1991-06-07,123
1991-05-03,1991-06-01,1991-06-02,1991-06-08,124
1991-05-04,1991-06-02,1991-06-03,1991-06-09,125
1991-05-05,1991-06-03,1991-06-04,1991-06-10,126
1991-05-06,1991-06-04,1991-06-05,1991-06-11,127
1991-05-07,1991-06-05,1991-06-06,1991-06-12,128
1991-05-08,1991-06-06,1991-06-07,1991-06-13,129
1991-05-09,1991-06-07,1991-06-08,1991-06-14,130
1991-05-10,1991-06-08,1991-06-09,1991-06-15,131
1991-05-11,1991-06-09,1991-06-10,1991-06-16,132
1991-05-12,1991-06-10,1991-06-11,1991-06-17,133
1991-05-13,1991-06-11,1991-06-12,1991-06-18,134
1991-05-14,1991-06-12,1991-06-13,1991-06-19,135
1991-05-15,1991-06-13,1991-06-14,1991-06-20,136
1991-05-16,1991-06-14,1991-06-15,1991-06-21,137
1991-05-17,1991-06-15,1991-06-16,1991-06-22,138
1991-05-18,1991-06-16,1991-06-17,1991-06-23,139
1991-05-19,1991-06-17,1991-06-18,1991-06-24,140
1991-05-20,1991-06-18,1991-06-19,1991-06-25,141
1991-05-21,1991-06-19,1991-06-20,1991-06-26,142
1991-05-22,1991-06-20,1991-06-21,1991-06-27,143
1991-05-23,1991-06-21,1991-06-22,1991-06-28,144
1991-05-24,1991-06-22,1991-06-23,1991-06-29,145
1991-05-25,1991-06-23,1991-06-24,1991-06-30,146
1992-04-01,1992-04-30,1992-05-01,1992-05-07,183
1992-04-02,1992-05-01,1992-05-02,1992-05-08,184
1992-04-03,1992-05-02,1992-05-03,1992-05-09,185
1992-04-04,1992-05-03,1992-05-04,1992-05-10,186
1992-04-05,1992-05-04,1992-05-05,1992-05-11,187
1992-04-06,1992-05-05,1992-05-06,1992-05-12,188
1992-04-07,1992-05-06,1992-05-07,1992-05-13,189
1992-04-08,1992-05-07,1992-05-08,1992-05-14,190
1992-04-09,1992-05-08,1992-05-09,1992-05-15,191
1992-04-10,1992-05-09,1992-05-10,1992-05-16,192
1992-04-11,1992-05-10,1992-05-11,1992-05-17,193
1992-04-12,1992-05-11,1992-05-12,1992-05-18,194
1992-04-13,1992-05-12,1992-05-13,1992-05-19,195
1992-04-14,1992-05-13,1992-05-14,1992-05-20,196
1992-04-15,1992-05-14,1992-05-15,1992-05-21,197
1992-04-16,1992-05-15,1992-05-16,1992-05-22,198
1992-04-17,1992-05-16,1992-05-17,1992-05-23,199
1992-04-18,1992-05-17,1992-05-18,1992-05-24,200
1992-04-19,1992-05-18,1992-05-19,1992-05-25,201
1992-04-20,1992-05-19,1992-05-20,1992-05-26,202
1992-04-21,1992-05-20,1992-05-21,1992-05-27,203
1992-04-22,1992-05-21,1992-05-22,1992-05-28,204
1992-04-23,1992-05-22,1992-05-23,1992-05-29,205
1992-04-24,1992-05-23,1992-05-24,1992-05-30,206
1992-04-25,1992-05-24,1992-05-25,1992-05-31,207
1992-04-26,1992-05-25,1992-05-26,1992-06-01,208
1992-04-27,1992-05-26,1992-05-27,1992-06-02,209
1992-04-28,1992-05-27,1992-05-28,1992-06-03,210
1992-04-29,1992-05-28,1992-05-29,1992-06-04,211
1992-04-30,1992-05-29,1992-05-30,1992-06-05,212
1992-05-01,1992-05-30,1992-05-31,1992-06-06,213
1992-05-02,1992-05-31,1992-06-01,1992-06-07,214
1992-05-03,1992-06-01,1992-06-02,1992-06-08,215
1992-05-04,1992-06-02,1992-06-03,1992-06-09,216
1992-05-05,1992-06-03,1992-06-04,1992-06-10,217
1992-05-06,1992-06-04,1992-06-05,1992-06-11,218
1992-05-07,1992-06-05,1992-06-06,1992-06-12,219
1992-05-08,1992-06-06,1992-06-07,1992-06-13,220
1992-05-09,1992-06-07,1992-06-08,1992-06-14,221
1992-05-10,1992-06-08,1992-06-09,1992-06-15,222
1992-05-11,1992-06-09,1992-06-10,1992-06-16,223
1992-05-12,1992-06-10,1992-06-11,1992-06-17,224
1992-05-13,1992-06-11,1992-06-12,1992-06-18,225
1992-05-14,1992-06-12,1992-06-13,1992-06-19,226
1992-05-15,1992-06-13,1992-06-14,1992-06-20,227
1992-05-16,1992-06-14,1992-06-15,1992-06-21,228
1992-05-17,1992-06-15,1992-06-16,1992-06-22,229
1992-05-18,1992-06-16,1992-06-17,1992-06-23,230
1992-05-19,1992-06-17,1992-06-18,1992-06-24,231
1992-05-20,1992-06-18,1992-06-19,1992-06-25,232
1992-05-21,1992-06-19,1992-06-20,1992-06-26,233
1992-05-22,1992-06-20,1992-06-21,1992-06-27,234
1992-05-23,1992-06-21,1992-06-22,1992-06-28,235
1992-05-24,1992-06-22,1992-06-23,1992-06-29,236
1992-05-25,1992-06-23,1992-06-24,1992-06-30,237
1993-04-01,1993-04-30,1993-05-01,1993-05-07,274
1993-04-02,1993-05-01,1993-05-02,1993-05-08,275
1993-04-03,1993-05-02,1993-05-03,1993-05-09,276
1993-04-04,1993-05-03,1993-05-04,1993-05-10,277
1993-04-05,1993-05-04,1993-05-05,1993-05-11,278
1993-04-06,1993-05-05,1993-05-06,1993-05-12,279
1993-04-07,1993-05-06,1993-05-07,1993-05-13,280
1993-04-08,1993-05-07,1993-05-08,1993-05-14,281
1993-04-09,1993-05-08,1993-05-09,1993-05-15,282
1993-04-10,1993-05-09,1993-05-10,1993-05-16,283
1993-04-11,1993-05-10,1993-05-11,1993-05-17,284
1993-04-12,1993-05-11,1993-05-12,1993-05-18,285
1993-04-13,1993-05-12,1993-05-13,1993-05-19,286
1993-04-14,1993-05-13,1993-05-14,1993-05-20,287
1993-04-15,1993-05-14,1993-05-15,1993-05-21,288
1993-04-16,1993-05-15,1993-05-16,1993-05-22,289
1993-04-17,1993-05-16,1993-05-17,1993-05-23,290
1993-04-18,1993-05-17,1993-05-18,1993-05-24,291
1993-04-19,1993-05-18,1993-05-19,1993-05-25,292
1993-04-20,1993-05-19,1993-05-20,1993-05-26,293
1993-04-21,1993-05-20,1993-05-21,1993-05-27,294
1993-04-22,1993-05-21,1993-05-22,1993-05-28,295
1993-04-23,1993-05-22,1993-05-23,1993-05-29,296
1993-04-24,1993-05-23,1993-05-24,1993-05-30,297
1993-04-25,1993-05-24,1993-05-25,1993-05-31,298
1993-04-26,1993-05-25,1993-05-26,1993-06-01,299
1993-04-27,1993-05-26,1993-05-27,1993-06-02,300
1993-04-28,1993-05-27,1993-05-28,1993-06-03,301
1993-04-29,1993-05-28,1993-05-29,1993-06-04,302
1993-04-30,1993-05-29,1993-05-30,1993-06-05,303
1993-05-01,1993-05-30,1993-05-31,1993-06-06,304
1993-05-02,1993-05-31,1993-06-01,1993-06-07,305
1993-05-03,1993-06-01,1993-06-02,1993-06-08,306
1993-05-04,1993-06-02,1993-06-03,1993-06-09,307
1993-05-05,1993-06-03,1993-06-04,1993-06-10,308
1993-05-06,1993-06-04,1993-06-05,1993-06-11,309
1993-05-07,1993-06-05,1993-06-06,1993-06-12,310
1993-05-08,1993-06-06,1993-06-07,1993-06-13,311
1993-05-09,1993-06-07,1993-06-08,1993-06-14,312
1993-05-10,1993-06-08,1993-06-09,1993-06-15,313
1993-05-11,1993-06-09,1993-06-10,1993-06-16,314
1993-05-12,1993-06-10,1993-06-11,1993-06-17,315
1993-05-13,1993-06-11,1993-06-12,1993-06-18,316
1993-05-14,1993-06-12,1993-06-13,1993-06-19,317
1993-05-15,1993-06-13,1993-06-14,1993-06-20,318
1993-05-16,1993-06-14,1993-06-15,1993-06-21,319
1993-05-17,1993-06-15,1993-06-16,1993-06-22,320
1993-05-18,1993-06-16,1993-06-17,1993-06-23,321
1993-05-19,1993-06-17,1993-06-18,1993-06-24,322
1993-05-20,1993-06-18,1993-06-19,1993-06-25,323
1993-05-21,1993-06-19,1993-06-20,1993-06-26,324
1993-05-22,1993-06-20,1993-06-21,1993-06-27,325
1993-05-23,1993-06-21,1993-06-22,1993-06-28,326
1993-05-24,1993-06-22,1993-06-23,1993-06-29,327
1993-05-25,1993-06-23,1993-06-24,1993-06-30,328
1994-04-01,1994-04-30,1994-05-01,1994-05-07,365
1994-04-02,1994-05-01,1994-05-02,1994-05-08,366
1994-04-03,1994-05-02,1994-05-03,1994-05-09,367
1994-04-04,1994-05-03,1994-05-04,1994-05-10,368
1994-04-05,1994-05-04,1994-05-05,1994-05-11,369
1994-04-06,1994-05-05,1994-05-06,1994-05-12,370
1994-04-07,1994-05-06,1994-05-07,1994-05-13,371
1994-04-08,1994-05-07,1994-05-08,1994-05-14,372
1994-04-09,1994-05-08,1994-05-09,1994-05-15,373
1994-04-10,1994-05-09,1994-05-10,1994-05-16,374
1994-04-11,1994-05-10,1994-05-11,1994-05-17,375
1994-04-12,1994-05-11,1994-05-12,1994-05-18,376
1994-04-13,1994-05-12,1994-05-13,1994-05-19,377
1994-04-14,1994-05-13,1994-05-14,1994-05-20,378
1994-04-15,1994-05-14,1994-05-15,1994-05-21,379
1994-04-16,1994-05-15,1994-05-16,1994-05-22,380
1994-04-17,1994-05-16,1994-05-17,1994-05-23,381
1994-04-18,1994-05-17,1994-05-18,1994-05-24,382
1994-04-19,1994-05-18,1994-05-19,1994-05-25,383
1994-04-20,1994-05-19,1994-05-20,1994-05-26,384
1994-04-21,1994-05-20,1994-05-21,1994-05-27,385
1994-04-22,1994-05-21,1994-05-22,1994-05-28,386
1994-04-23,1994-05-22,1994-05-23,1994-05-29,387
1994-04-24,1994-05-23,1994-05-24,1994-05-30,388
1994-04-25,1994-05-24,1994-05-25,1994-05-31,389
1994-04-26,1994-05-25,1994-05-26,1994-06-01,390
1994-04-27,1994-05-26,1994-05-27,1994-06-02,391
1994-04-28,1994-05-27,1994-05-28,1994-06-03,392
1994-04-29,1994-05-28,1994-05-29,1994-06-04,393
1994-04-30,1994-05-29,1994-05-30,1994-06-05,394
1994-05-01,1994-05-30,1994-05-31,1994-06-06,395
1994-05-02,1994-05-31,1994-06-01,1994-06-07,396
1994-05-03,1994-06-01,1994-06-02,1994-06-08,397
1994-05-04,1994-06-02,1994-06-03,1994-06-09,398
1994-05-05,1994-06-03,1994-06-04,1994-06-10,399
1994-05-06,1994-06-04,1994-06-05,1994-06-11,400
1994-05-07,1994-06-05,1994-06-06,1994-06-12,401
1994-05-08,1994-06-06,1994-06-07,1994-06-13,402
1994-05-09,1994-06-07,1994-06-08,1994-06-14,403
1994-05-10,1994-06-08,1994-06-09,1994-06-15,404
1994-05-11,1994-06-09,1994-06-10,1994-06-16,405
1994-05-12,1994-06-10,1994-06-11,1994-06-17,406
1994-05-13,1994-06-11,1994-06-12,1994-06-18,407
1994-05-14,1994-06-12,1994-06-13,1994-06-19,408
1994-05-15,1994-06-13,1994-06-14,1994-06-20,409
1994-05-16,1994-06-14,1994-06-15,1994-06-21,410
1994-05-17,1994-06-15,1994-06-16,1994-06-22,411
1994-05-18,1994-06-16,1994-06-17,1994-06-23,412
1994-05-19,1994-06-17,1994-06-18,1994-06-24,413
1994-05-20,1994-06-18,1994-06-19,1994-06-25,414
1994-05-21,1994-06-19,1994-06-20,1994-06-26,415
1994-05-22,1994-06-20,1994-06-21,1994-06-27,416
1994-05-23,1994-06-21,1994-06-22,1994-06-28,417
1994-05-24,1994-06-22,1994-06-23,1994-06-29,418
1994-05-25,1994-06-23,1994-06-24,1994-06-30,419
1995-04-01,1995-04-30,1995-05-01,1995-05-07,456
1995-04-02,1995-05-01,1995-05-02,1995-05-08,457
1995-04-03,1995-05-02,1995-05-03,1995-05-09,458
1995-04-04,1995-05-03,1995-05-04,1995-05-10,459
1995-04-05,1995-05-04,1995-05-05,1995-05-11,460
1995-04-06,1995-05-05,1995-05-06,1995-05-12,461
1995-04-07,1995-05-06,1995-05-07,1995-05-13,462
1995-04-08,1995-05-07,1995-05-08,1995-05-14,463
1995-04-09,1995-05-08,1995-05-09,1995-05-15,464
1995-04-10,1995-05-09,1995-05-10,1995-05-16,465
1995-04-11,1995-05-10,1995-05-11,1995-05-17,466
1995-04-12,1995-05-11,1995-05-12,1995-05-18,467
1995-04-13,1995-05-12,1995-05-13,1995-05-19,468
1995-04-14,1995-05-13,1995-05-14,1995-05-20,469
1995-04-15,1995-05-14,1995-05-15,1995-05-21,470
1995-04-16,1995-05-15,1995-05-16,1995-05-22,471
1995-04-17,1995-05-16,1995-05-17,1995-05-23,472
1995-04-18,1995-05-17,1995-05-18,1995-05-24,473
1995-04-19,1995-05-18,1995-05-19,1995-05-25,474
1995-04-20,1995-05-19,1995-05-20,1995-05-26,475
1995-04-21,1995-05-20,1995-05-21,1995-05-27,476
1995-04-22,1995-05-21,1995-05-22,1995-05-28,477
1995-04-23,1995-05-22,1995-05-23,1995-05-29,478
1995-04-24,1995-05-23,1995-05-24,1995-05-30,479
1995-04-25,1995-05-24,1995-05-25,1995-05-31,480
1995-04-26,1995-05-25,1995-05-26,1995-06-01,481
1995-04-27,1995-05-26,1995-05-27,1995-06-02,482
1995-04-28,1995-05-27,1995-05-28,1995-06-03,483
1995-04-29,1995-05-28,1995-05-29,1995-06-04,484
1995-04-30,1995-05-29,1995-05-30,1995-06-05,485
1995-05-01,1995-05-30,1995-05-31,1995-06-06,486
1995-05-02,1995-05-31,1995-06-01,1995-06-07,487
1995-05-03,1995-06-01,1995-06-02,1995-06-08,488
1995-05-04,1995-06-02,1995-06-03,1995-06-09,489
1995-05-05,1995-06-03,1995-06-04,1995-06-10,490
1995-05-06,1995-06-04,1995-06-05,1995-06-11,491
1995-05-07,1995-06-05,1995-06-06,1995-06-12,492
1995-05-08,1995-06-06,1995-06-07,1995-06-13,493
1995-05-09,1995-06-07,1995-06-08,1995-06-14,494
1995-05-10,1995-06-08,1995-06-09,1995-06-15,495
1995-05-11,1995-06-09,1995-06-10,1995-06-16,496
1995-05-12,1995-06-10,1995-06-11,1995-06-17,497
1995-05-13,1995-06-11,1995-06-12,1995-06-18,498
1995-05-14,1995-06-12,1995-06-13,1995-06-19,499
1995-05-15,1995-06-13,1995-06-14,1995-06-20,500
1995-05-16,1995-06-14,1995-06-15,1995-06-21,501
1995-05-17,1995-06-15,1995-06-16,1995-06-22,502
1995-05-18,1995-06-16,1995-06-17,1995-06-23,503
1995-05-19,1995-06-17,1995-06-18,1995-06-24,504
1995-05-20,1995-06-18,1995-06-19,1995-06-25,505
1995-05-21,1995-06-19,1995-06-20,1995-06-26,506
1995-05-22,1995-06-20,1995-06-21,1995-06-27,507
1995-05-23,1995-06-21,1995-06-22,1995-06-28,508
1995-05-24,1995-06-22,1995-06-23,1995-06-29,509
1995-05-25,1995-06-23,1995-06-24,1995-06-30,510
1996-04-01,1996-04-30,1996-05-01,1996-05-07,547
1996-04-02,1996-05-01,1996-05-02,1996-05-08,548
1996-04-03,1996-05-02,1996-05-03,1996-05-09,549
1996-04-04,1996-05-03,1996-05-04,1996-05-10,550
1996-04-05,1996-05-04,1996-05-05,1996-05-11,551
1996-04-06,1996-05-05,1996-05-06,1996-05-12,552
1996-04-07,1996-05-06,1996-05-07,1996-05-13,553
1996-04-08,1996-05-07,1996-05-08,1996-05-14,554
1996-04-09,1996-05-08,1996-05-09,1996-05-15,555
1996-04-10,1996-05-09,1996-05-10,1996-05-16,556
1996-04-11,1996-05-10,1996-05-11,1996-05-17,557
1996-04-12,1996-05-11,1996-05-12,1996-05-18,558
1996-04-13,1996-05-12,1996-05-13,1996-05-19,559
1996-04-14,1996-05-13,1996-05-14,1996-05-20,560
1996-04-15,1996-05-14,1996-05-15,1996-05-21,561
1996-04-16,1996-05-15,1996-05-16,1996-05-22,562
1996-04-17,1996-05-16,1996-05-17,1996-05-23,563
1996-04-18,1996-05-17,1996-05-18,1996-05-24,564
1996-04-19,1996-05-18,1996-05-19,1996-05-25,565
1996-04-20,1996-05-19,1996-05-20,1996-05-26,566
1996-04-21,1996-05-20,1996-05-21,1996-05-27,567
1996-04-22,1996-05-21,1996-05-22,1996-05-28,568
1996-04-23,1996-05-22,1996-05-23,1996-05-29,569
1996-04-24,1996-05-23,1996-05-24,1996-05-30,570
1996-04-25,1996-05-24,1996-05-25,1996-05-31,571
1996-04-26,1996-05-25,1996-05-26,1996-06-01,572
1996-04-27,1996-05-26,1996-05-27,1996-06-02,573
1996-04-28,1996-05-27,1996-05-28,1996-06-03,574
1996-04-29,1996-05-28,1996-05-29,1996-06-04,575
1996-04-30,1996-05-29,1996-05-30,1996-06-05,576
1996-05-01,1996-05-30,1996-05-31,1996-06-06,577
1996-05-02,1996-05-31,1996-06-01,1996-06-07,578
1996-05-03,1996-06-01,1996-06-02,1996-06-08,579
1996-05-04,1996-06-02,1996-06-03,1996-06-09,580
1996-05-05,1996-06-03,1996-06-04,1996-06-10,581
1996-05-06,1996-06-04,1996-06-05,1996-06-11,582
1996-05-07,1996-06-05,1996-06-06,1996-06-12,583
1996-05-08,1996-06-06,1996-06-07,1996-06-13,584
1996-05-09,1996-06-07,1996-06-08,1996-06-14,585
1996-05-10,1996-06-08,1996-06-09,1996-06-15,586
1996-05-11,1996-06-09,1996-06-10,1996-06-16,587
1996-05-12,1996-06-10,1996-06-11,1996-06-17,588
1996-05-13,1996-06-11,1996-06-12,1996-06-18,589
1996-05-14,1996-06-12,1996-06-13,1996-06-19,590
1996-05-15,1996-06-13,1996-06-14,1996-06-20,591
1996-05-16,1996-06-14,1996-06-15,1996-06-21,592
1996-05-17,1996-06-15,1996-06-16,1996-06-22,593
1996-05-18,1996-06-16,1996-06-17,1996-06-23,594
1996-05-19,1996-06-17,1996-06-18,1996-06-24,595
1996-05-20,1996-06-18,1996-06-19,1996-06-25,596
1996-05-21,1996-06-19,1996-06-20,1996-06-26,597
1996-05-22,1996-06-20,1996-06-21,1996-06-27,598
1996-05-23,1996-06-21,1996-06-22,1996-06-28,599
1996-05-24,1996-06-22,1996-06-23,1996-06-29,600
1996-05-25,1996-06-23,1996-06-24,1996-06-30,601
1997-04-01,1997-04-30,1997-05-01,1997-05-07,638
1997-04-02,1997-05-01,1997-05-02,1997-05-08,639
1997-04-03,1997-05-02,1997-05-03,1997-05-09,640
1997-04-04,1997-05-03,1997-05-04,1997-05-10,641
1997-04-05,1997-05-04,1997-05-05,1997-05-11,642
1997-04-06,1997-05-05,1997-05-06,1997-05-12,643
1997-04-07,1997-05-06,1997-05-07,1997-05-13,644
1997-04-08,1997-05-07,1997-05-08,1997-05-14,645
1997-04-09,1997-05-08,1997-05-09,1997-05-15,646
1997-04-10,1997-05-09,1997-05-10,1997-05-16,647
1997-04-11,1997-05-10,1997-05-11,1997-05-17,648
1997-04-12,1997-05-11,1997-05-12,1997-05-18,649
1997-04-13,1997-05-12,1997-05-13,1997-05-19,650
1997-04-14,1997-05-13,1997-05-14,1997-05-20,651
1997-04-15,1997-05-14,1997-05-15,1997-05-21,652
1997-04-16,1997-05-15,1997-05-16,1997-05-22,653
1997-04-17,1997-05-16,1997-05-17,1997-05-23,654
1997-04-18,1997-05-17,1997-05-18,1997-05-24,655
1997-04-19,1997-05-18,1997-05-19,1997-05-25,656
1997-04-20,1997-05-19,1997-05-20,1997-05-26,657
1997-04-21,1997-05-20,1997-05-21,1997-05-27,658
1997-04-22,1997-05-21,1997-05-22,1997-05-28,659
1997-04-23,1997-05-22,1997-05-23,1997-05-29,660
1997-04-24,1997-05-23,1997-05-24,1997-05-30,661
1997-04-25,1997-05-24,1997-05-25,1997-05-31,662
1997-04-26,1997-05-25,1997-05-26,1997-06-01,663
1997-04-27,1997-05-26,1997-05-27,1997-06-02,664
1997-04-28,1997-05-27,1997-05-28,1997-06-03,665
1997-04-29,1997-05-28,1997-05-29,1997-06-04,666
1997-04-30,1997-05-29,1997-05-30,1997-06-05,667
1997-05-01,1997-05-30,1997-05-31,1997-06-06,668
1997-05-02,1997-05-31,1997-06-01,1997-06-07,669
1997-05-03,1997-06-01,1997-06-02,1997-06-08,670
1997-05-04,1997-06-02,1997-06-03,1997-06-09,671
1997-05-05,1997-06-03,1997-06-04,1997-06-10,672
1997-05-06,1997-06-04,1997-06-05,1997-06-11,673
1997-05-07,1997-06-05,1997-06-06,1997-06-12,674
1997-05-08,1997-06-06,1997-06-07,1997-06-13,675
1997-05-09,1997-06-07,1997-06-08,1997-06-14,676
1997-05-10,1997-06-08,1997-06-09,1997-06-15,677
1997-05-11,1997-06-09,1997-06-10,1997-06-16,678
1997-05-12,1997-06-10,1997-06-11,1997-06-17,679
1997-05-13,1997-06-11,1997-06-12,1997-06-18,680
1997-05-14,1997-06-12,1997-06-13,1997-06-19,681
1997-05-15,1997-06-13,1997-06-14,1997-06-20,682
1997-05-16,1997-06-14,1997-06-15,1997-06-21,683
1997-05-17,1997-06-15,1997-06-16,1997-06-22,684
1997-05-18,1997-06-16,1997-06-17,1997-06-23,685
1997-05-19,1997-06-17,1997-06-18,1997-06-24,686
1997-05-20,1997-06-18,1997-06-19,1997-06-25,687
1997-05-21,1997-06-19,1997-06-20,1997-06-26,688
1997-05-22,1997-06-20,1997-06-21,1997-06-27,689
1997-05-23,1997-06-21,1997-06-22,1997-06-28,690
1997-05-24,1997-06-22,1997-06-23,1997-06-29,691
1997-05-25,1997-06-23,1997-06-24,1997-06-30,692
1998-04-01,1998-04-30,1998-05-01,1998-05-07,729
1998-04-02,1998-05-01,1998-05-02,1998-05-08,730
1998-04-03,1998-05-02,1998-05-03,1998-05-09,731
1998-04-04,1998-05-03,1998-05-04,1998-05-10,732
1998-04-05,1998-05-04,1998-05-05,1998-05-11,733
1998-04-06,1998-05-05,1998-05-06,1998-05-12,734
1998-04-07,1998-05-06,1998-05-07,1998-05-13,735
1998-04-08,1998-05-07,1998-05-08,1998-05-14,736
1998-04-09,1998-05-08,1998-05-09,1998-05-15,737
1998-04-10,1998-05-09,1998-05-10,1998-05-16,738
1998-04-11,1998-05-10,1998-05-11,1998-05-17,739
1998-04-12,1998-05-11,1998-05-12,1998-05-18,740
1998-04-13,1998-05-12,1998-05-13,1998-05-19,741
1998-04-14,1998-05-13,1998-05-14,1998-05-20,742
1998-04-15,1998-05-14,1998-05-15,1998-05-21,743
1998-04-16,1998-05-15,1998-05-16,1998-05-22,744
1998-04-17,1998-05-16,1998-05-17,1998-05-23,745
1998-04-18,1998-05-17,1998-05-18,1998-05-24,746
1998-04-19,1998-05-18,1998-05-19,1998-05-25,747
1998-04-20,1998-05-19,1998-05-20,1998-05-26,748
1998-04-21,1998-05-20,1998-05-21,1998-05-27,749
1998-04-22,1998-05-21,1998-05-22,1998-05-28,750
1998-04-23,1998-05-22,1998-05-23,1998-05-29,751
1998-04-24,1998-05-23,1998-05-24,1998-05-30,752
1998-04-25,1998-05-24,1998-05-25,1998-05-31,753
1998-04-26,1998-05-25,1998-05-26,1998-06-01,754
1998-04-27,1998-05-26,1998-05-27,1998-06-02,755
1998-04-28,1998-05-27,1998-05-28,1998-06-03,756
1998-04-29,1998-05-28,1998-05-29,1998-06-04,757
1998-04-30,1998-05-29,1998-05-30,1998-06-05,758
1998-05-01,1998-05-30,1998-05-31,1998-06-06,759
1998-05-02,1998-05-31,1998-06-01,1998-06-07,760
1998-05-03,1998-06-01,1998-06-02,1998-06-08,761
1998-05-04,1998-06-02,1998-06-03,1998-06-09,762
1998-05-05,1998-06-03,1998-06-04,1998-06-10,763
1998-05-06,1998-06-04,1998-06-05,1998-06-11,764
1998-05-07,1998-06-05,1998-06-06,1998-06-12,765
1998-05-08,1998-06-06,1998-06-07,1998-06-13,766
1998-05-09,1998-06-07,1998-06-08,1998-06-14,767
1998-05-10,1998-06-08,1998-06-09,1998-06-15,768
1998-05-11,1998-06-09,1998-06-10,1998-06-16,769
1998-05-12,1998-06-10,1998-06-11,1998-06-17,770
1998-05-13,1998-06-11,1998-06-12,1998-06-18,771
1998-05-14,1998-06-12,1998-06-13,1998-06-19,772
1998-05-15,1998-06-13,1998-06-14,1998-06-20,773
1998-05-16,1998-06-14,1998-06-15,1998-06-21,774
1998-05-17,1998-06-15,1998-06-16,1998-06-22,775
1998-05-18,1998-06-16,1998-06-17,1998-06-23,776
1998-05-19,1998-06-17,1998-06-18,1998-06-24,777
1998-05-20,1998-06-18,1998-06-19,1998-06-25,778
1998-05-21,1998-06-19,1998-06-20,1998-06-26,779
1998-05-22,1998-06-20,1998-06-21,1998-06-27,780
1998-05-23,1998-06-21,1998-06-22,1998-06-28,781
1998-05-24,1998-06-22,1998-06-23,1998-06-29,782
1998-05-25,1998-06-23,1998-06-24,1998-06-30,783
1999-04-01,1999-04-30,1999-05-01,1999-05-07,820
1999-04-02,1999-05-01,1999-05-02,1999-05-08,821
1999-04-03,1999-05-02,1999-05-03,1999-05-09,822
1999-04-04,1999-05-03,1999-05-04,1999-05-10,823
1999-04-05,1999-05-04,1999-05-05,1999-05-11,824
1999-04-06,1999-05-05,1999-05-06,1999-05-12,825
1999-04-07,1999-05-06,1999-05-07,1999-05-13,826
1999-04-08,1999-05-07,1999-05-08,1999-05-14,827
1999-04-09,1999-05-08,1999-05-09,1999-05-15,828
1999-04-10,1999-05-09,1999-05-10,1999-05-16,829
1999-04-11,1999-05-10,1999-05-11,1999-05-17,830
1999-04-12,1999-05-11,1999-05-12,1999-05-18,831
1999-04-13,1999-05-12,1999-05-13,1999-05-19,832
1999-04-14,1999-05-13,1999-05-14,1999-05-20,833
1999-04-15,1999-05-14,1999-05-15,1999-05-21,834
1999-04-16,1999-05-15,1999-05-16,1999-05-22,835
1999-04-17,1999-05-16,1999-05-17,1999-05-23,836
1999-04-18,1999-05-17,1999-05-18,1999-05-24,837
1999-04-19,1999-05-18,1999-05-19,1999-05-25,838
1999-04-20,1999-05-19,1999-05-20,1999-05-26,839
1999-04-21,1999-05-20,1999-05-21,1999-05-27,840
1999-04-22,1999-05-21,1999-05-22,1999-05-28,841
1999-04-23,1999-05-22,1999-05-23,1999-05-29,842
1999-04-24,1999-05-23,1999-05-24,1999-05-30,843
1999-04-25,1999-05-24,1999-05-25,1999-05-31,844
1999-04-26,1999-05-25,1999-05-26,1999-06-01,845
1999-04-27,1999-05-26,1999-05-27,1999-06-02,846
1999-04-28,1999-05-27,1999-05-28,1999-06-03,847
1999-04-29,1999-05-28,1999-05-29,1999-06-04,848
1999-04-30,1999-05-29,1999-05-30,1999-06-05,849
1999-05-01,1999-05-30,1999-05-31,1999-06-06,850
1999-05-02,1999-05-31,1999-06-01,1999-06-07,851
1999-05-03,1999-06-01,1999-06-02,1999-06-08,852
1999-05-04,1999-06-02,1999-06-03,1999-06-09,853
1999-05-05,1999-06-03,1999-06-04,1999-06-10,854
1999-05-06,1999-06-04,1999-06-05,1999-06-11,855
1999-05-07,1999-06-05,1999-06-06,1999-06-12,856
1999-05-08,1999-06-06,1999-06-07,1999-06-13,857
1999-05-09,1999-06-07,1999-06-08,1999-06-14,858
1999-05-10,1999-06-08,1999-06-09,1999-06-15,859
1999-05-11,1999-06-09,1999-06-10,1999-06-16,860
1999-05-12,1999-06-10,1999-06-11,1999-06-17,861
1999-05-13,1999-06-11,1999-06-12,1999-06-18,862
1999-05-14,1999-06-12,1999-06-13,1999-06-19,863
1999-05-15,1999-06-13,1999-06-14,1999-06-20,864
1999-05-16,1999-06-14,1999-06-15,1999-06-21,865
1999-05-17,1999-06-15,1999-06-16,1999-06-22,866
1999-05-18,1999-06-16,1999-06-17,1999-06-23,867
1999-05-19,1999-06-17,1999-06-18,1999-06-24,868
1999-05-20,1999-06-18,1999-06-19,1999-06-25,869
1999-05-21,1999-06-19,1999-06-20,1999-06-26,870
1999-05-22,1999-06-20,1999-06-21,1999-06-27,871
1999-05-23,1999-06-21,1999-06-22,1999-06-28,872
1999-05-24,1999-06-22,1999-06-23,1999-06-29,873
1999-05-25,1999-06-23,1999-06-24,1999-06-30,874
2000-04-01,2000-04-30,2000-05-01,2000-05-07,911
2000-04-02,2000-05-01,2000-05-02,2000-05-08,912
2000-04-03,2000-05-02,2000-05-03,2000-05-09,913
2000-04-04,2000-05-03,2000-05-04,2000-05-10,914
2000-04-05,2000-05-04,2000-05-05,2000-05-11,915
2000-04-06,2000-05-05,2000-05-06,2000-05-12,916
2000-04-07,2000-05-06,2000-05-07,2000-05-13,917
2000-04-08,2000-05-07,2000-05-08,2000-05-14,918
2000-04-09,2000-05-08,2000-05-09,2000-05-15,919
2000-04-10,2000-05-09,2000-05-10,2000-05-16,920
2000-04-11,2000-05-10,2000-05-11,2000-05-17,921
2000-04-12,2000-05-11,2000-05-12,2000-05-18,922
2000-04-13,2000-05-12,2000-05-13,2000-05-19,923
2000-04-14,2000-05-13,2000-05-14,2000-05-20,924
2000-04-15,2000-05-14,2000-05-15,2000-05-21,925
2000-04-16,2000-05-15,2000-05-16,2000-05-22,926
2000-04-17,2000-05-16,2000-05-17,2000-05-23,927
2000-04-18,2000-05-17,2000-05-18,2000-05-24,928
2000-04-19,2000-05-18,2000-05-19,2000-05-25,929
2000-04-20,2000-05-19,2000-05-20,2000-05-26,930
2000-04-21,2000-05-20,2000-05-21,2000-05-27,931
2000-04-22,2000-05-21,2000-05-22,2000-05-28,932
2000-04-23,2000-05-22,2000-05-23,2000-05-29,933
2000-04-24,2000-05-23,2000-05-24,2000-05-30,934
2000-04-25,2000-05-24,2000-05-25,2000-05-31,935
2000-04-26,2000-05-25,2000-05-26,2000-06-01,936
2000-04-27,2000-05-26,2000-05-27,2000-06-02,937
2000-04-28,2000-05-27,2000-05-28,2000-06-03,938
2000-04-29,2000-05-28,2000-05-29,2000-06-04,939
2000-04-30,2000-05-29,2000-05-30,2000-06-05,940
2000-05-01,2000-05-30,2000-05-31,2000-06-06,941
2000-05-02,2000-05-31,2000-06-01,2000-06-07,942
2000-05-03,2000-06-01,2000-06-02,2000-06-08,943
2000-05-04,2000-06-02,2000-06-03,2000-06-09,944
2000-05-05,2000-06-03,2000-06-04,2000-06-10,945
2000-05-06,2000-06-04,2000-06-05,2000-06-11,946
2000-05-07,2000-06-05,2000-06-06,2000-06-12,947
2000-05-08,2000-06-06,2000-06-07,2000-06-13,948
2000-05-09,2000-06-07,2000-06-08,2000-06-14,949
2000-05-10,2000-06-08,2000-06-09,2000-06-15,950
2000-05-11,2000-06-09,2000-06-10,2000-06-16,951
2000-05-12,2000-06-10,2000-06-11,2000-06-17,952
2000-05-13,2000-06-11,2000-06-12,2000-06-18,953
2000-05-14,2000-06-12,2000-06-13,2000-06-19,954
2000-05-15,2000-06-13,2000-06-14,2000-06-20,955
2000-05-16,2000-06-14,2000-06-15,2000-06-21,956
2000-05-17,2000-06-15,2000-06-16,2000-06-22,957
2000-05-18,2000-06-16,2000-06-17,2000-06-23,958
2000-05-19,2000-06-17,2000-06-18,2000-06-24,959
2000-05-20,2000-06-18,2000-06-19,2000-06-25,960
2000-05-21,2000-06-19,2000-06-20,2000-06-26,961
2000-05-22,2000-06-20,2000-06-21,2000-06-27,962
2000-05-23,2000-06-21,2000-06-22,2000-06-28,963
2000-05-24,2000-06-22,2000-06-23,2000-06-29,964
2000-05-25,2000-06-23,2000-06-24,2000-06-30,965
2001-04-01,2001-04-30,2001-05-01,2001-05-07,1002
2001-04-02,2001-05-01,2001-05-02,2001-05-08,1003
2001-04-03,2001-05-02,2001-05-03,2001-05-09,1004
2001-04-04,2001-05-03,2001-05-04,2001-05-10,1005
2001-04-05,2001-05-04,2001-05-05,2001-05-11,1006
2001-04-06,2001-05-05,2001-05-06,2001-05-12,1007
2001-04-07,2001-05-06,2001-05-07,2001-05-13,1008
2001-04-08,2001-05-07,2001-05-08,2001-05-14,1009
2001-04-09,2001-05-08,2001-05-09,2001-05-15,1010
2001-04-10,2001-05-09,2001-05-10,2001-05-16,1011
2001-04-11,2001-05-10,2001-05-11,2001-05-17,1012
2001-04-12,2001-05-11,2001-05-12,2001-05-18,1013
2001-04-13,2001-05-12,2001-05-13,2001-05-19,1014
2001-04-14,2001-05-13,2001-05-14,2001-05-20,1015
2001-04-15,2001-05-14,2001-05-15,2001-05-21,1016
2001-04-16,2001-05-15,2001-05-16,2001-05-22,1017
2001-04-17,2001-05-16,2001-05-17,2001-05-23,1018
2001-04-18,2001-05-17,2001-05-18,2001-05-24,1019
2001-04-19,2001-05-18,2001-05-19,2001-05-25,1020
2001-04-20,2001-05-19,2001-05-20,2001-05-26,1021
2001-04-21,2001-05-20,2001-05-21,2001-05-27,1022
2001-04-22,2001-05-21,2001-05-22,2001-05-28,1023
2001-04-23,2001-05-22,2001-05-23,2001-05-29,1024
2001-04-24,2001-05-23,2001-05-24,2001-05-30,1025
2001-04-25,2001-05-24,2001-05-25,2001-05-31,1026
2001-04-26,2001-05-25,2001-05-26,2001-06-01,1027
2001-04-27,2001-05-26,2001-05-27,2001-06-02,1028
2001-04-28,2001-05-27,2001-05-28,2001-06-03,1029
2001-04-29,2001-05-28,2001-05-29,2001-06-04,1030
2001-04-30,2001-05-29,2001-05-30,2001-06-05,1031
2001-05-01,2001-05-30,2001-05-31,2001-06-06,1032
2001-05-02,2001-05-31,2001-06-01,2001-06-07,1033
2001-05-03,2001-06-01,2001-06-02,2001-06-08,1034
2001-05-04,2001-06-02,2001-06-03,2001-06-09,1035
2001-05-05,2001-06-03,2001-06-04,2001-06-10,1036
2001-05-06,2001-06-04,2001-06-05,2001-06-11,1037
2001-05-07,2001-06-05,2001-06-06,2001-06-12,1038
2001-05-08,2001-06-06,2001-06-07,2001-06-13,1039
2001-05-09,2001-06-07,2001-06-08,2001-06-14,1040
2001-05-10,2001-06-08,2001-06-09,2001-06-15,1041
2001-05-11,2001-06-09,2001-06-10,2001-06-16,1042
2001-05-12,2001-06-10,2001-06-11,2001-06-17,1043
2001-05-13,2001-06-11,2001-06-12,2001-06-18,1044
2001-05-14,2001-06-12,2001-06-13,2001-06-19,1045
2001-05-15,2001-06-13,2001-06-14,2001-06-20,1046
2001-05-16,2001-06-14,2001-06-15,2001-06-21,1047
2001-05-17,2001-06-15,2001-06-16,2001-06-22,1048
2001-05-18,2001-06-16,2001-06-17,2001-06-23,1049
2001-05-19,2001-06-17,2001-06-18,2001-06-24,1050
2001-05-20,2001-06-18,2001-06-19,2001-06-25,1051
2001-05-21,2001-06-19,2001-06-20,2001-06-26,1052
2001-05-22,2001-06-20,2001-06-21,2001-06-27,1053
2001-05-23,2001-06-21,2001-06-22,2001-06-28,1054
2001-05-24,2001-06-22,2001-06-23,2001-06-29,1055
2001-05-25,2001-06-23,2001-06-24,2001-06-30,1056
2002-04-01,2002-04-30,2002-05-01,2002-05-07,1093
2002-04-02,2002-05-01,2002-05-02,2002-05-08,1094
2002-04-03,2002-05-02,2002-05-03,2002-05-09,1095
2002-04-04,2002-05-03,2002-05-04,2002-05-10,1096
2002-04-05,2002-05-04,2002-05-05,2002-05-11,1097
2002-04-06,2002-05-05,2002-05-06,2002-05-12,1098
2002-04-07,2002-05-06,2002-05-07,2002-05-13,1099
2002-04-08,2002-05-07,2002-05-08,2002-05-14,1100
2002-04-09,2002-05-08,2002-05-09,2002-05-15,1101
2002-04-10,2002-05-09,2002-05-10,2002-05-16,1102
2002-04-11,2002-05-10,2002-05-11,2002-05-17,1103
2002-04-12,2002-05-11,2002-05-12,2002-05-18,1104
2002-04-13,2002-05-12,2002-05-13,2002-05-19,1105
2002-04-14,2002-05-13,2002-05-14,2002-05-20,1106
2002-04-15,2002-05-14,2002-05-15,2002-05-21,1107
2002-04-16,2002-05-15,2002-05-16,2002-05-22,1108
2002-04-17,2002-05-16,2002-05-17,2002-05-23,1109
2002-04-18,2002-05-17,2002-05-18,2002-05-24,1110
2002-04-19,2002-05-18,2002-05-19,2002-05-25,1111
2002-04-20,2002-05-19,2002-05-20,2002-05-26,1112
2002-04-21,2002-05-20,2002-05-21,2002-05-27,1113
2002-04-22,2002-05-21,2002-05-22,2002-05-28,1114
2002-04-23,2002-05-22,2002-05-23,2002-05-29,1115
2002-04-24,2002-05-23,2002-05-24,2002-05-30,1116
2002-04-25,2002-05-24,2002-05-25,2002-05-31,1117
2002-04-26,2002-05-25,2002-05-26,2002-06-01,1118
2002-04-27,2002-05-26,2002-05-27,2002-06-02,1119
2002-04-28,2002-05-27,2002-05-28,2002-06-03,1120
2002-04-29,2002-05-28,2002-05-29,2002-06-04,1121
2002-04-30,2002-05-29,2002-05-30,2002-06-05,1122
2002-05-01,2002-05-30,2002-05-31,2002-06-06,1123
2002-05-02,2002-05-31,2002-06-01,2002-06-07,1124
2002-05-03,2002-06-01,2002-06-02,2002-06-08,1125
2002-05-04,2002-06-02,2002-06-03,2002-06-09,1126
2002-05-05,2002-06-03,2002-06-04,2002-06-10,1127
2002-05-06,2002-06-04,2002-06-05,2002-06-11,1128
2002-05-07,2002-06-05,2002-06-06,2002-06-12,1129
2002-05-08,2002-06-06,2002-06-07,2002-06-13,1130
2002-05-09,2002-06-07,2002-06-08,2002-06-14,1131
2002-05-10,2002-06-08,2002-06-09,2002-06-15,1132
2002-05-11,2002-06-09,2002-06-10,2002-06-16,1133
2002-05-12,2002-06-10,2002-06-11,2002-06-17,1134
2002-05-13,2002-06-11,2002-06-12,2002-06-18,1135
2002-05-14,2002-06-12,2002-06-13,2002-06-19,1136
2002-05-15,2002-06-13,2002-06-14,2002-06-20,1137
2002-05-16,2002-06-14,2002-06-15,2002-06-21,1138
2002-05-17,2002-06-15,2002-06-16,2002-06-22,1139
2002-05-18,2002-06-16,2002-06-17,2002-06-23,1140
2002-05-19,2002-06-17,2002-06-18,2002-06-24,1141
2002-05-20,2002-06-18,2002-06-19,2002-06-25,1142
2002-05-21,2002-06-19,2002-06-20,2002-06-26,1143
2002-05-22,2002-06-20,2002-06-21,2002-06-27,1144
2002-05-23,2002-06-21,2002-06-22,2002-06-28,1145
2002-05-24,2002-06-22,2002-06-23,2002-06-29,1146
2002-05-25,2002-06-23,2002-06-24,2002-06-30,1147
2003-04-01,2003-04-30,2003-05-01,2003-05-07,1184
2003-04-02,2003-05-01,2003-05-02,2003-05-08,1185
2003-04-03,2003-05-02,2003-05-03,2003-05-09,1186
2003-04-04,2003-05-03,2003-05-04,2003-05-10,1187
2003-04-05,2003-05-04,2003-05-05,2003-05-11,1188
2003-04-06,2003-05-05,2003-05-06,2003-05-12,1189
2003-04-07,2003-05-06,2003-05-07,2003-05-13,1190
2003-04-08,2003-05-07,2003-05-08,2003-05-14,1191
2003-04-09,2003-05-08,2003-05-09,2003-05-15,1192
2003-04-10,2003-05-09,2003-05-10,2003-05-16,1193
2003-04-11,2003-05-10,2003-05-11,2003-05-17,1194
2003-04-12,2003-05-11,2003-05-12,2003-05-18,1195
2003-04-13,2003-05-12,2003-05-13,2003-05-19,1196
2003-04-14,2003-05-13,2003-05-14,2003-05-20,1197
2003-04-15,2003-05-14,2003-05-15,2003-05-21,1198
2003-04-16,2003-05-15,2003-05-16,2003-05-22,1199
2003-04-17,2003-05-16,2003-05-17,2003-05-23,1200
2003-04-18,2003-05-17,2003-05-18,2003-05-24,1201
2003-04-19,2003-05-18,2003-05-19,2003-05-25,1202
2003-04-20,2003-05-19,2003-05-20,2003-05-26,1203
2003-04-21,2003-05-20,2003-05-21,2003-05-27,1204
2003-04-22,2003-05-21,2003-05-22,2003-05-28,1205
2003-04-23,2003-05-22,2003-05-23,2003-05-29,1206
2003-04-24,2003-05-23,2003-05-24,2003-05-30,1207
2003-04-25,2003-05-24,2003-05-25,2003-05-31,1208
2003-04-26,2003-05-25,2003-05-26,2003-06-01,1209
2003-04-27,2003-05-26,2003-05-27,2003-06-02,1210
2003-04-28,2003-05-27,2003-05-28,2003-06-03,1211
2003-04-29,2003-05-28,2003-05-29,2003-06-04,1212
2003-04-30,2003-05-29,2003-05-30,2003-06-05,1213
2003-05-01,2003-05-30,2003-05-31,2003-06-06,1214
2003-05-02,2003-05-31,2003-06-01,2003-06-07,1215
2003-05-03,2003-06-01,2003-06-02,2003-06-08,1216
2003-05-04,2003-06-02,2003-06-03,2003-06-09,1217
2003-05-05,2003-06-03,2003-06-04,2003-06-10,1218
2003-05-06,2003-06-04,2003-06-05,2003-06-11,1219
2003-05-07,2003-06-05,2003-06-06,2003-06-12,1220
2003-05-08,2003-06-06,2003-06-07,2003-06-13,1221
2003-05-09,2003-06-07,2003-06-08,2003-06-14,1222
2003-05-10,2003-06-08,2003-06-09,2003-06-15,1223
2003-05-11,2003-06-09,2003-06-10,2003-06-16,1224
2003-05-12,2003-06-10,2003-06-11,2003-06-17,1225
2003-05-13,2003-06-11,2003-06-12,2003-06-18,1226
2003-05-14,2003-06-12,2003-06-13,2003-06-19,1227
2003-05-15,2003-06-13,2003-06-14,2003-06-20,1228
2003-05-16,2003-06-14,2003-06-15,2003-06-21,1229
2003-05-17,2003-06-15,2003-06-16,2003-06-22,1230
2003-05-18,2003-06-16,2003-06-17,2003-06-23,1231
2003-05-19,2003-06-17,2003-06-18,2003-06-24,1232
2003-05-20,2003-06-18,2003-06-19,2003-06-25,1233
2003-05-21,2003-06-19,2003-06-20,2003-06-26,1234
2003-05-22,2003-06-20,2003-06-21,2003-06-27,1235
2003-05-23,2003-06-21,2003-06-22,2003-06-28,1236
2003-05-24,2003-06-22,2003-06-23,2003-06-29,1237
2003-05-25,2003-06-23,2003-06-24,2003-06-30,1238
2004-04-01,2004-04-30,2004-05-01,2004-05-07,1275
2004-04-02,2004-05-01,2004-05-02,2004-05-08,1276
2004-04-03,2004-05-02,2004-05-03,2004-05-09,1277
2004-04-04,2004-05-03,2004-05-04,2004-05-10,1278
2004-04-05,2004-05-04,2004-05-05,2004-05-11,1279
2004-04-06,2004-05-05,2004-05-06,2004-05-12,1280
2004-04-07,2004-05-06,2004-05-07,2004-05-13,1281
2004-04-08,2004-05-07,2004-05-08,2004-05-14,1282
2004-04-09,2004-05-08,2004-05-09,2004-05-15,1283
2004-04-10,2004-05-09,2004-05-10,2004-05-16,1284
2004-04-11,2004-05-10,2004-05-11,2004-05-17,1285
2004-04-12,2004-05-11,2004-05-12,2004-05-18,1286
2004-04-13,2004-05-12,2004-05-13,2004-05-19,1287
2004-04-14,2004-05-13,2004-05-14,2004-05-20,1288
2004-04-15,2004-05-14,2004-05-15,2004-05-21,1289
2004-04-16,2004-05-15,2004-05-16,2004-05-22,1290
2004-04-17,2004-05-16,2004-05-17,2004-05-23,1291
2004-04-18,2004-05-17,2004-05-18,2004-05-24,1292
2004-04-19,2004-05-18,2004-05-19,2004-05-25,1293
2004-04-20,2004-05-19,2004-05-20,2004-05-26,1294
2004-04-21,2004-05-20,2004-05-21,2004-05-27,1295
2004-04-22,2004-05-21,2004-05-22,2004-05-28,1296
2004-04-23,2004-05-22,2004-05-23,2004-05-29,1297
2004-04-24,2004-05-23,2004-05-24,2004-05-30,1298
2004-04-25,2004-05-24,2004-05-25,2004-05-31,1299
2004-04-26,2004-05-25,2004-05-26,2004-06-01,1300
2004-04-27,2004-05-26,2004-05-27,2004-06-02,1301
2004-04-28,2004-05-27,2004-05-28,2004-06-03,1302
2004-04-29,2004-05-28,2004-05-29,2004-06-04,1303
2004-04-30,2004-05-29,2004-05-30,2004-06-05,1304
2004-05-01,2004-05-30,2004-05-31,2004-06-06,1305
2004-05-02,2004-05-31,2004-06-01,2004-06-07,1306
2004-05-03,2004-06-01,2004-06-02,2004-06-08,1307
2004-05-04,2004-06-02,2004-06-03,2004-06-09,1308
2004-05-05,2004-06-03,2004-06-04,2004-06-10,1309
2004-05-06,2004-06-04,2004-06-05,2004-06-11,1310
2004-05-07,2004-06-05,2004-06-06,2004-06-12,1311
2004-05-08,2004-06-06,2004-06-07,2004-06-13,1312
2004-05-09,2004-06-07,2004-06-08,2004-06-14,1313
2004-05-10,2004-06-08,2004-06-09,2004-06-15,1314
2004-05-11,2004-06-09,2004-06-10,2004-06-16,1315
2004-05-12,2004-06-10,2004-06-11,2004-06-17,1316
2004-05-13,2004-06-11,2004-06-12,2004-06-18,1317
2004-05-14,2004-06-12,2004-06-13,2004-06-19,1318
2004-05-15,2004-06-13,2004-06-14,2004-06-20,1319
2004-05-16,2004-06-14,2004-06-15,2004-06-21,1320
2004-05-17,2004-06-15,2004-06-16,2004-06-22,1321
2004-05-18,2004-06-16,2004-06-17,2004-06-23,1322
2004-05-19,2004-06-17,2004-06-18,2004-06-24,1323
2004-05-20,2004-06-18,2004-06-19,2004-06-25,1324
2004-05-21,2004-06-19,2004-06-20,2004-06-26,1325
2004-05-22,2004-06-20,2004-06-21,2004-06-27,1326
2004-05-23,2004-06-21,2004-06-22,2004-06-28,1327
2004-05-24,2004-06-22,2004-06-23,2004-06-29,1328
2004-05-25,2004-06-23,2004-06-24,2004-06-30,1329
2005-04-01,2005-04-30,2005-05-01,2005-05-07,1366
2005-04-02,2005-05-01,2005-05-02,2005-05-08,1367
2005-04-03,2005-05-02,2005-05-03,2005-05-09,1368
2005-04-04,2005-05-03,2005-05-04,2005-05-10,1369
2005-04-05,2005-05-04,2005-05-05,2005-05-11,1370
2005-04-06,2005-05-05,2005-05-06,2005-05-12,1371
2005-04-07,2005-05-06,2005-05-07,2005-05-13,1372
2005-04-08,2005-05-07,2005-05-08,2005-05-14,1373
2005-04-09,2005-05-08,2005-05-09,2005-05-15,1374
2005-04-10,2005-05-09,2005-05-10,2005-05-16,1375
2005-04-11,2005-05-10,2005-05-11,2005-05-17,1376
2005-04-12,2005-05-11,2005-05-12,2005-05-18,1377
2005-04-13,2005-05-12,2005-05-13,2005-05-19,1378
2005-04-14,2005-05-13,2005-05-14,2005-05-20,1379
2005-04-15,2005-05-14,2005-05-15,2005-05-21,1380
2005-04-16,2005-05-15,2005-05-16,2005-05-22,1381
2005-04-17,2005-05-16,2005-05-17,2005-05-23,1382
2005-04-18,2005-05-17,2005-05-18,2005-05-24,1383
2005-04-19,2005-05-18,2005-05-19,2005-05-25,1384
2005-04-20,2005-05-19,2005-05-20,2005-05-26,1385
2005-04-21,2005-05-20,2005-05-21,2005-05-27,1386
2005-04-22,2005-05-21,2005-05-22,2005-05-28,1387
2005-04-23,2005-05-22,2005-05-23,2005-05-29,1388
2005-04-24,2005-05-23,2005-05-24,2005-05-30,1389
2005-04-25,2005-05-24,2005-05-25,2005-05-31,1390
2005-04-26,2005-05-25,2005-05-26,2005-06-01,1391
2005-04-27,2005-05-26,2005-05-27,2005-06-02,1392
2005-04-28,2005-05-27,2005-05-28,2005-06-03,1393
2005-04-29,2005-05-28,2005-05-29,2005-06-04,1394
2005-04-30,2005-05-29,2005-05-30,2005-06-05,1395
2005-05-01,2005-05-30,2005-05-31,2005-06-06,1396
2005-05-02,2005-05-31,2005-06-01,2005-06-07,1397
2005-05-03,2005-06-01,2005-06-02,2005-06-08,1398
2005-05-04,2005-06-02,2005-06-03,2005-06-09,1399
2005-05-05,2005-06-03,2005-06-04,2005-06-10,1400
2005-05-06,2005-06-04,2005-06-05,2005-06-11,1401
2005-05-07,2005-06-05,2005-06-06,2005-06-12,1402
2005-05-08,2005-06-06,2005-06-07,2005-06-13,1403
2005-05-09,2005-06-07,2005-06-08,2005-06-14,1404
2005-05-10,2005-06-08,2005-06-09,2005-06-15,1405
2005-05-11,2005-06-09,2005-06-10,2005-06-16,1406
2005-05-12,2005-06-10,2005-06-11,2005-06-17,1407
2005-05-13,2005-06-11,2005-06-12,2005-06-18,1408
2005-05-14,2005-06-12,2005-06-13,2005-06-19,1409
2005-05-15,2005-06-13,2005-06-14,2005-06-20,1410
2005-05-16,2005-06-14,2005-06-15,2005-06-21,1411
2005-05-17,2005-06-15,2005-06-16,2005-06-22,1412
2005-05-18,2005-06-16,2005-06-17,2005-06-23,1413
2005-05-19,2005-06-17,2005-06-18,2005-06-24,1414
2005-05-20,2005-06-18,2005-06-19,2005-06-25,1415
2005-05-21,2005-06-19,2005-06-20,2005-06-26,1416
2005-05-22,2005-06-20,2005-06-21,2005-06-27,1417
2005-05-23,2005-06-21,2005-06-22,2005-06-28,1418
2005-05-24,2005-06-22,2005-06-23,2005-06-29,1419
2005-05-25,2005-06-23,2005-06-24,2005-06-30,1420
2006-04-01,2006-04-30,2006-05-01,2006-05-07,1457
2006-04-02,2006-05-01,2006-05-02,2006-05-08,1458
2006-04-03,2006-05-02,2006-05-03,2006-05-09,1459
2006-04-04,2006-05-03,2006-05-04,2006-05-10,1460
2006-04-05,2006-05-04,2006-05-05,2006-05-11,1461
2006-04-06,2006-05-05,2006-05-06,2006-05-12,1462
2006-04-07,2006-05-06,2006-05-07,2006-05-13,1463
2006-04-08,2006-05-07,2006-05-08,2006-05-14,1464
2006-04-09,2006-05-08,2006-05-09,2006-05-15,1465
2006-04-10,2006-05-09,2006-05-10,2006-05-16,1466
2006-04-11,2006-05-10,2006-05-11,2006-05-17,1467
2006-04-12,2006-05-11,2006-05-12,2006-05-18,1468
2006-04-13,2006-05-12,2006-05-13,2006-05-19,1469
2006-04-14,2006-05-13,2006-05-14,2006-05-20,1470
2006-04-15,2006-05-14,2006-05-15,2006-05-21,1471
2006-04-16,2006-05-15,2006-05-16,2006-05-22,1472
2006-04-17,2006-05-16,2006-05-17,2006-05-23,1473
2006-04-18,2006-05-17,2006-05-18,2006-05-24,1474
2006-04-19,2006-05-18,2006-05-19,2006-05-25,1475
2006-04-20,2006-05-19,2006-05-20,2006-05-26,1476
2006-04-21,2006-05-20,2006-05-21,2006-05-27,1477
2006-04-22,2006-05-21,2006-05-22,2006-05-28,1478
2006-04-23,2006-05-22,2006-05-23,2006-05-29,1479
2006-04-24,2006-05-23,2006-05-24,2006-05-30,1480
2006-04-25,2006-05-24,2006-05-25,2006-05-31,1481
2006-04-26,2006-05-25,2006-05-26,2006-06-01,1482
2006-04-27,2006-05-26,2006-05-27,2006-06-02,1483
2006-04-28,2006-05-27,2006-05-28,2006-06-03,1484
2006-04-29,2006-05-28,2006-05-29,2006-06-04,1485
2006-04-30,2006-05-29,2006-05-30,2006-06-05,1486
2006-05-01,2006-05-30,2006-05-31,2006-06-06,1487
2006-05-02,2006-05-31,2006-06-01,2006-06-07,1488
2006-05-03,2006-06-01,2006-06-02,2006-06-08,1489
2006-05-04,2006-06-02,2006-06-03,2006-06-09,1490
2006-05-05,2006-06-03,2006-06-04,2006-06-10,1491
2006-05-06,2006-06-04,2006-06-05,2006-06-11,1492
2006-05-07,2006-06-05,2006-06-06,2006-06-12,1493
2006-05-08,2006-06-06,2006-06-07,2006-06-13,1494
2006-05-09,2006-06-07,2006-06-08,2006-06-14,1495
2006-05-10,2006-06-08,2006-06-09,2006-06-15,1496
2006-05-11,2006-06-09,2006-06-10,2006-06-16,1497
2006-05-12,2006-06-10,2006-06-11,2006-06-17,1498
2006-05-13,2006-06-11,2006-06-12,2006-06-18,1499
2006-05-14,2006-06-12,2006-06-13,2006-06-19,1500
2006-05-15,2006-06-13,2006-06-14,2006-06-20,1501
2006-05-16,2006-06-14,2006-06-15,2006-06-21,1502
2006-05-17,2006-06-15,2006-06-16,2006-06-22,1503
2006-05-18,2006-06-16,2006-06-17,2006-06-23,1504
2006-05-19,2006-06-17,2006-06-18,2006-06-24,1505
2006-05-20,2006-06-18,2006-06-19,2006-06-25,1506
2006-05-21,2006-06-19,2006-06-20,2006-06-26,1507
2006-05-22,2006-06-20,2006-06-21,2006-06-27,1508
2006-05-23,2006-06-21,2006-06-22,2006-06-28,1509
2006-05-24,2006-06-22,2006-06-23,2006-06-29,1510
2006-05-25,2006-06-23,2006-06-24,2006-06-30,1511
2007-04-01,2007-04-30,2007-05-01,2007-05-07,1548
2007-04-02,2007-05-01,2007-05-02,2007-05-08,1549
2007-04-03,2007-05-02,2007-05-03,2007-05-09,1550
2007-04-04,2007-05-03,2007-05-04,2007-05-10,1551
2007-04-05,2007-05-04,2007-05-05,2007-05-11,1552
2007-04-06,2007-05-05,2007-05-06,2007-05-12,1553
2007-04-07,2007-05-06,2007-05-07,2007-05-13,1554
2007-04-08,2007-05-07,2007-05-08,2007-05-14,1555
2007-04-09,2007-05-08,2007-05-09,2007-05-15,1556
2007-04-10,2007-05-09,2007-05-10,2007-05-16,1557
2007-04-11,2007-05-10,2007-05-11,2007-05-17,1558
2007-04-12,2007-05-11,2007-05-12,2007-05-18,1559
2007-04-13,2007-05-12,2007-05-13,2007-05-19,1560
2007-04-14,2007-05-13,2007-05-14,2007-05-20,1561
2007-04-15,2007-05-14,2007-05-15,2007-05-21,1562
2007-04-16,2007-05-15,2007-05-16,2007-05-22,1563
2007-04-17,2007-05-16,2007-05-17,2007-05-23,1564
2007-04-18,2007-05-17,2007-05-18,2007-05-24,1565
2007-04-19,2007-05-18,2007-05-19,2007-05-25,1566
2007-04-20,2007-05-19,2007-05-20,2007-05-26,1567
2007-04-21,2007-05-20,2007-05-21,2007-05-27,1568
2007-04-22,2007-05-21,2007-05-22,2007-05-28,1569
2007-04-23,2007-05-22,2007-05-23,2007-05-29,1570
2007-04-24,2007-05-23,2007-05-24,2007-05-30,1571
2007-04-25,2007-05-24,2007-05-25,2007-05-31,1572
2007-04-26,2007-05-25,2007-05-26,2007-06-01,1573
2007-04-27,2007-05-26,2007-05-27,2007-06-02,1574
2007-04-28,2007-05-27,2007-05-28,2007-06-03,1575
2007-04-29,2007-05-28,2007-05-29,2007-06-04,1576
2007-04-30,2007-05-29,2007-05-30,2007-06-05,1577
2007-05-01,2007-05-30,2007-05-31,2007-06-06,1578
2007-05-02,2007-05-31,2007-06-01,2007-06-07,1579
2007-05-03,2007-06-01,2007-06-02,2007-06-08,1580
2007-05-04,2007-06-02,2007-06-03,2007-06-09,1581
2007-05-05,2007-06-03,2007-06-04,2007-06-10,1582
2007-05-06,2007-06-04,2007-06-05,2007-06-11,1583
2007-05-07,2007-06-05,2007-06-06,2007-06-12,1584
2007-05-08,2007-06-06,2007-06-07,2007-06-13,1585
2007-05-09,2007-06-07,2007-06-08,2007-06-14,1586
2007-05-10,2007-06-08,2007-06-09,2007-06-15,1587
2007-05-11,2007-06-09,2007-06-10,2007-06-16,1588
2007-05-12,2007-06-10,2007-06-11,2007-06-17,1589
2007-05-13,2007-06-11,2007-06-12,2007-06-18,1590
2007-05-14,2007-06-12,2007-06-13,2007-06-19,1591
2007-05-15,2007-06-13,2007-06-14,2007-06-20,1592
2007-05-16,2007-06-14,2007-06-15,2007-06-21,1593
2007-05-17,2007-06-15,2007-06-16,2007-06-22,1594
2007-05-18,2007-06-16,2007-06-17,2007-06-23,1595
2007-05-19,2007-06-17,2007-06-18,2007-06-24,1596
2007-05-20,2007-06-18,2007-06-19,2007-06-25,1597
2007-05-21,2007-06-19,2007-06-20,2007-06-26,1598
2007-05-22,2007-06-20,2007-06-21,2007-06-27,1599
2007-05-23,2007-06-21,2007-06-22,2007-06-28,1600
2007-05-24,2007-06-22,2007-06-23,2007-06-29,1601
2007-05-25,2007-06-23,2007-06-24,2007-06-30,1602
2008-04-01,2008-04-30,2008-05-01,2008-05-07,1639
2008-04-02,2008-05-01,2008-05-02,2008-05-08,1640
2008-04-03,2008-05-02,2008-05-03,2008-05-09,1641
2008-04-04,2008-05-03,2008-05-04,2008-05-10,1642
2008-04-05,2008-05-04,2008-05-05,2008-05-11,1643
2008-04-06,2008-05-05,2008-05-06,2008-05-12,1644
2008-04-07,2008-05-06,2008-05-07,2008-05-13,1645
2008-04-08,2008-05-07,2008-05-08,2008-05-14,1646
2008-04-09,2008-05-08,2008-05-09,2008-05-15,1647
2008-04-10,2008-05-09,2008-05-10,2008-05-16,1648
2008-04-11,2008-05-10,2008-05-11,2008-05-17,1649
2008-04-12,2008-05-11,2008-05-12,2008-05-18,1650
2008-04-13,2008-05-12,2008-05-13,2008-05-19,1651
2008-04-14,2008-05-13,2008-05-14,2008-05-20,1652
2008-04-15,2008-05-14,2008-05-15,2008-05-21,1653
2008-04-16,2008-05-15,2008-05-16,2008-05-22,1654
2008-04-17,2008-05-16,2008-05-17,2008-05-23,1655
2008-04-18,2008-05-17,2008-05-18,2008-05-24,1656
2008-04-19,2008-05-18,2008-05-19,2008-05-25,1657
2008-04-20,2008-05-19,2008-05-20,2008-05-26,1658
2008-04-21,2008-05-20,2008-05-21,2008-05-27,1659
2008-04-22,2008-05-21,2008-05-22,2008-05-28,1660
2008-04-23,2008-05-22,2008-05-23,2008-05-29,1661
2008-04-24,2008-05-23,2008-05-24,2008-05-30,1662
2008-04-25,2008-05-24,2008-05-25,2008-05-31,1663
2008-04-26,2008-05-25,2008-05-26,2008-06-01,1664
2008-04-27,2008-05-26,2008-05-27,2008-06-02,1665
2008-04-28,2008-05-27,2008-05-28,2008-06-03,1666
2008-04-29,2008-05-28,2008-05-29,2008-06-04,1667
2008-04-30,2008-05-29,2008-05-30,2008-06-05,1668
2008-05-01,2008-05-30,2008-05-31,2008-06-06,1669
2008-05-02,2008-05-31,2008-06-01,2008-06-07,1670
2008-05-03,2008-06-01,2008-06-02,2008-06-08,1671
2008-05-04,2008-06-02,2008-06-03,2008-06-09,1672
2008-05-05,2008-06-03,2008-06-04,2008-06-10,1673
2008-05-06,2008-06-04,2008-06-05,2008-06-11,1674
2008-05-07,2008-06-05,2008-06-06,2008-06-12,1675
2008-05-08,2008-06-06,2008-06-07,2008-06-13,1676
2008-05-09,2008-06-07,2008-06-08,2008-06-14,1677
2008-05-10,2008-06-08,2008-06-09,2008-06-15,1678
2008-05-11,2008-06-09,2008-06-10,2008-06-16,1679
2008-05-12,2008-06-10,2008-06-11,2008-06-17,1680
2008-05-13,2008-06-11,2008-06-12,2008-06-18,1681
2008-05-14,2008-06-12,2008-06-13,2008-06-19,1682
2008-05-15,2008-06-13,2008-06-14,2008-06-20,1683
2008-05-16,2008-06-14,2008-06-15,2008-06-21,1684
2008-05-17,2008-06-15,2008-06-16,2008-06-22,1685
2008-05-18,2008-06-16,2008-06-17,2008-06-23,1686
2008-05-19,2008-06-17,2008-06-18,2008-06-24,1687
2008-05-20,2008-06-18,2008-06-19,2008-06-25,1688
2008-05-21,2008-06-19,2008-06-20,2008-06-26,1689
2008-05-22,2008-06-20,2008-06-21,2008-06-27,1690
2008-05-23,2008-06-21,2008-06-22,2008-06-28,1691
2008-05-24,2008-06-22,2008-06-23,2008-06-29,1692
2008-05-25,2008-06-23,2008-06-24,2008-06-30,1693
2009-04-01,2009-04-30,2009-05-01,2009-05-07,1730
2009-04-02,2009-05-01,2009-05-02,2009-05-08,1731
2009-04-03,2009-05-02,2009-05-03,2009-05-09,1732
2009-04-04,2009-05-03,2009-05-04,2009-05-10,1733
2009-04-05,2009-05-04,2009-05-05,2009-05-11,1734
2009-04-06,2009-05-05,2009-05-06,2009-05-12,1735
2009-04-07,2009-05-06,2009-05-07,2009-05-13,1736
2009-04-08,2009-05-07,2009-05-08,2009-05-14,1737
2009-04-09,2009-05-08,2009-05-09,2009-05-15,1738
2009-04-10,2009-05-09,2009-05-10,2009-05-16,1739
2009-04-11,2009-05-10,2009-05-11,2009-05-17,1740
2009-04-12,2009-05-11,2009-05-12,2009-05-18,1741
2009-04-13,2009-05-12,2009-05-13,2009-05-19,1742
2009-04-14,2009-05-13,2009-05-14,2009-05-20,1743
2009-04-15,2009-05-14,2009-05-15,2009-05-21,1744
2009-04-16,2009-05-15,2009-05-16,2009-05-22,1745
2009-04-17,2009-05-16,2009-05-17,2009-05-23,1746
2009-04-18,2009-05-17,2009-05-18,2009-05-24,1747
2009-04-19,2009-05-18,2009-05-19,2009-05-25,1748
2009-04-20,2009-05-19,2009-05-20,2009-05-26,1749
2009-04-21,2009-05-20,2009-05-21,2009-05-27,1750
2009-04-22,2009-05-21,2009-05-22,2009-05-28,1751
2009-04-23,2009-05-22,2009-05-23,2009-05-29,1752
2009-04-24,2009-05-23,2009-05-24,2009-05-30,1753
2009-04-25,2009-05-24,2009-05-25,2009-05-31,1754
2009-04-26,2009-05-25,2009-05-26,2009-06-01,1755
2009-04-27,2009-05-26,2009-05-27,2009-06-02,1756
2009-04-28,2009-05-27,2009-05-28,2009-06-03,1757
2009-04-29,2009-05-28,2009-05-29,2009-06-04,1758
2009-04-30,2009-05-29,2009-05-30,2009-06-05,1759
2009-05-01,2009-05-30,2009-05-31,2009-06-06,1760
2009-05-02,2009-05-31,2009-06-01,2009-06-07,1761
2009-05-03,2009-06-01,2009-06-02,2009-06-08,1762
2009-05-04,2009-06-02,2009-06-03,2009-06-09,1763
2009-05-05,2009-06-03,2009-06-04,2009-06-10,1764
2009-05-06,2009-06-04,2009-06-05,2009-06-11,1765
2009-05-07,2009-06-05,2009-06-06,2009-06-12,1766
2009-05-08,2009-06-06,2009-06-07,2009-06-13,1767
2009-05-09,2009-06-07,2009-06-08,2009-06-14,1768
2009-05-10,2009-06-08,2009-06-09,2009-06-15,1769
2009-05-11,2009-06-09,2009-06-10,2009-06-16,1770
2009-05-12,2009-06-10,2009-06-11,2009-06-17,1771
2009-05-13,2009-06-11,2009-06-12,2009-06-18,1772
2009-05-14,2009-06-12,2009-06-13,2009-06-19,1773
2009-05-15,2009-06-13,2009-06-14,2009-06-20,1774
2009-05-16,2009-06-14,2009-06-15,2009-06-21,1775
2009-05-17,2009-06-15,2009-06-16,2009-06-22,1776
2009-05-18,2009-06-16,2009-06-17,2009-06-23,1777
2009-05-19,2009-06-17,2009-06-18,2009-06-24,1778
2009-05-20,2009-06-18,2009-06-19,2009-06-25,1779
2009-05-21,2009-06-19,2009-06-20,2009-06-26,1780
2009-05-22,2009-06-20,2009-06-21,2009-06-27,1781
2009-05-23,2009-06-21,2009-06-22,2009-06-28,1782
2009-05-24,2009-06-22,2009-06-23,2009-06-29,1783
2009-05-25,2009-06-23,2009-06-24,2009-06-30,1784
2010-04-01,2010-04-30,2010-05-01,2010-05-07,1821
2010-04-02,2010-05-01,2010-05-02,2010-05-08,1822
2010-04-03,2010-05-02,2010-05-03,2010-05-09,1823
2010-04-04,2010-05-03,2010-05-04,2010-05-10,1824
2010-04-05,2010-05-04,2010-05-05,2010-05-11,1825
2010-04-06,2010-05-05,2010-05-06,2010-05-12,1826
2010-04-07,2010-05-06,2010-05-07,2010-05-13,1827
2010-04-08,2010-05-07,2010-05-08,2010-05-14,1828
2010-04-09,2010-05-08,2010-05-09,2010-05-15,1829
2010-04-10,2010-05-09,2010-05-10,2010-05-16,1830
2010-04-11,2010-05-10,2010-05-11,2010-05-17,1831
2010-04-12,2010-05-11,2010-05-12,2010-05-18,1832
2010-04-13,2010-05-12,2010-05-13,2010-05-19,1833
2010-04-14,2010-05-13,2010-05-14,2010-05-20,1834
2010-04-15,2010-05-14,2010-05-15,2010-05-21,1835
2010-04-16,2010-05-15,2010-05-16,2010-05-22,1836
2010-04-17,2010-05-16,2010-05-17,2010-05-23,1837
2010-04-18,2010-05-17,2010-05-18,2010-05-24,1838
2010-04-19,2010-05-18,2010-05-19,2010-05-25,1839
2010-04-20,2010-05-19,2010-05-20,2010-05-26,1840
2010-04-21,2010-05-20,2010-05-21,2010-05-27,1841
2010-04-22,2010-05-21,2010-05-22,2010-05-28,1842
2010-04-23,2010-05-22,2010-05-23,2010-05-29,1843
2010-04-24,2010-05-23,2010-05-24,2010-05-30,1844
2010-04-25,2010-05-24,2010-05-25,2010-05-31,1845
2010-04-26,2010-05-25,2010-05-26,2010-06-01,1846
2010-04-27,2010-05-26,2010-05-27,2010-06-02,1847
2010-04-28,2010-05-27,2010-05-28,2010-06-03,1848
2010-04-29,2010-05-28,2010-05-29,2010-06-04,1849
2010-04-30,2010-05-29,2010-05-30,2010-06-05,1850
2010-05-01,2010-05-30,2010-05-31,2010-06-06,1851
2010-05-02,2010-05-31,2010-06-01,2010-06-07,1852
2010-05-03,2010-06-01,2010-06-02,2010-06-08,1853
2010-05-04,2010-06-02,2010-06-03,2010-06-09,1854
2010-05-05,2010-06-03,2010-06-04,2010-06-10,1855
2010-05-06,2010-06-04,2010-06-05,2010-06-11,1856
2010-05-07,2010-06-05,2010-06-06,2010-06-12,1857
2010-05-08,2010-06-06,2010-06-07,2010-06-13,1858
2010-05-09,2010-06-07,2010-06-08,2010-06-14,1859
2010-05-10,2010-06-08,2010-06-09,2010-06-15,1860
2010-05-11,2010-06-09,2010-06-10,2010-06-16,1861
2010-05-12,2010-06-10,2010-06-11,2010-06-17,1862
2010-05-13,2010-06-11,2010-06-12,2010-06-18,1863
2010-05-14,2010-06-12,2010-06-13,2010-06-19,1864
2010-05-15,2010-06-13,2010-06-14,2010-06-20,1865
2010-05-16,2010-06-14,2010-06-15,2010-06-21,1866
2010-05-17,2010-06-15,2010-06-16,2010-06-22,1867
2010-05-18,2010-06-16,2010-06-17,2010-06-23,1868
2010-05-19,2010-06-17,2010-06-18,2010-06-24,1869
2010-05-20,2010-06-18,2010-06-19,2010-06-25,1870
2010-05-21,2010-06-19,2010-06-20,2010-06-26,1871
2010-05-22,2010-06-20,2010-06-21,2010-06-27,1872
2010-05-23,2010-06-21,2010-06-22,2010-06-28,1873
2010-05-24,2010-06-22,2010-06-23,2010-06-29,1874
2010-05-25,2010-06-23,2010-06-24,2010-06-30,1875
2011-04-01,2011-04-30,2011-05-01,2011-05-07,1912
2011-04-02,2011-05-01,2011-05-02,2011-05-08,1913
2011-04-03,2011-05-02,2011-05-03,2011-05-09,1914
2011-04-04,2011-05-03,2011-05-04,2011-05-10,1915
2011-04-05,2011-05-04,2011-05-05,2011-05-11,1916
2011-04-06,2011-05-05,2011-05-06,2011-05-12,1917
2011-04-07,2011-05-06,2011-05-07,2011-05-13,1918
2011-04-08,2011-05-07,2011-05-08,2011-05-14,1919
2011-04-09,2011-05-08,2011-05-09,2011-05-15,1920
2011-04-10,2011-05-09,2011-05-10,2011-05-16,1921
2011-04-11,2011-05-10,2011-05-11,2011-05-17,1922
2011-04-12,2011-05-11,2011-05-12,2011-05-18,1923
2011-04-13,2011-05-12,2011-05-13,2011-05-19,1924
2011-04-14,2011-05-13,2011-05-14,2011-05-20,1925
2011-04-15,2011-05-14,2011-05-15,2011-05-21,1926
2011-04-16,2011-05-15,2011-05-16,2011-05-22,1927
2011-04-17,2011-05-16,2011-05-17,2011-05-23,1928
2011-04-18,2011-05-17,2011-05-18,2011-05-24,1929
2011-04-19,2011-05-18,2011-05-19,2011-05-25,1930
2011-04-20,2011-05-19,2011-05-20,2011-05-26,1931
2011-04-21,2011-05-20,2011-05-21,2011-05-27,1932
2011-04-22,2011-05-21,2011-05-22,2011-05-28,1933
2011-04-23,2011-05-22,2011-05-23,2011-05-29,1934
2011-04-24,2011-05-23,2011-05-24,2011-05-30,1935
2011-04-25,2011-05-24,2011-05-25,2011-05-31,1936
2011-04-26,2011-05-25,2011-05-26,2011-06-01,1937
2011-04-27,2011-05-26,2011-05-27,2011-06-02,1938
2011-04-28,2011-05-27,2011-05-28,2011-06-03,1939
2011-04-29,2011-05-28,2011-05-29,2011-06-04,1940
2011-04-30,2011-05-29,2011-05-30,2011-06-05,1941
2011-05-01,2011-05-30,2011-05-31,2011-06-06,1942
2011-05-02,2011-05-31,2011-06-01,2011-06-07,1943
2011-05-03,2011-06-01,2011-06-02,2011-06-08,1944
2011-05-04,2011-06-02,2011-06-03,2011-06-09,1945
2011-05-05,2011-06-03,2011-06-04,2011-06-10,1946
2011-05-06,2011-06-04,2011-06-05,2011-06-11,1947
2011-05-07,2011-06-05,2011-06-06,2011-06-12,1948
2011-05-08,2011-06-06,2011-06-07,2011-06-13,1949
2011-05-09,2011-06-07,2011-06-08,2011-06-14,1950
2011-05-10,2011-06-08,2011-06-09,2011-06-15,1951
2011-05-11,2011-06-09,2011-06-10,2011-06-16,1952
2011-05-12,2011-06-10,2011-06-11,2011-06-17,1953
2011-05-13,2011-06-11,2011-06-12,2011-06-18,1954
2011-05-14,2011-06-12,2011-06-13,2011-06-19,1955
2011-05-15,2011-06-13,2011-06-14,2011-06-20,1956
2011-05-16,2011-06-14,2011-06-15,2011-06-21,1957
2011-05-17,2011-06-15,2011-06-16,2011-06-22,1958
2011-05-18,2011-06-16,2011-06-17,2011-06-23,1959
2011-05-19,2011-06-17,2011-06-18,2011-06-24,1960
2011-05-20,2011-06-18,2011-06-19,2011-06-25,1961
2011-05-21,2011-06-19,2011-06-20,2011-06-26,1962
2011-05-22,2011-06-20,2011-06-21,2011-06-27,1963
2011-05-23,2011-06-21,2011-06-22,2011-06-28,1964
2011-05-24,2011-06-22,2011-06-23,2011-06-29,1965
2011-05-25,2011-06-23,2011-06-24,2011-06-30,1966
2012-04-01,2012-04-30,2012-05-01,2012-05-07,2003
2012-04-02,2012-05-01,2012-05-02,2012-05-08,2004
2012-04-03,2012-05-02,2012-05-03,2012-05-09,2005
2012-04-04,2012-05-03,2012-05-04,2012-05-10,2006
2012-04-05,2012-05-04,2012-05-05,2012-05-11,2007
2012-04-06,2012-05-05,2012-05-06,2012-05-12,2008
2012-04-07,2012-05-06,2012-05-07,2012-05-13,2009
2012-04-08,2012-05-07,2012-05-08,2012-05-14,2010
2012-04-09,2012-05-08,2012-05-09,2012-05-15,2011
2012-04-10,2012-05-09,2012-05-10,2012-05-16,2012
2012-04-11,2012-05-10,2012-05-11,2012-05-17,2013
2012-04-12,2012-05-11,2012-05-12,2012-05-18,2014
2012-04-13,2012-05-12,2012-05-13,2012-05-19,2015
2012-04-14,2012-05-13,2012-05-14,2012-05-20,2016
2012-04-15,2012-05-14,2012-05-15,2012-05-21,2017
2012-04-16,2012-05-15,2012-05-16,2012-05-22,2018
2012-04-17,2012-05-16,2012-05-17,2012-05-23,2019
2012-04-18,2012-05-17,2012-05-18,2012-05-24,2020
2012-04-19,2012-05-18,2012-05-19,2012-05-25,2021
2012-04-20,2012-05-19,2012-05-20,2012-05-26,2022
2012-04-21,2012-05-20,2012-05-21,2012-05-27,2023
2012-04-22,2012-05-21,2012-05-22,2012-05-28,2024
2012-04-23,2012-05-22,2012-05-23,2012-05-29,2025
2012-04-24,2012-05-23,2012-05-24,2012-05-30,2026
2012-04-25,2012-05-24,2012-05-25,2012-05-31,2027
2012-04-26,2012-05-25,2012-05-26,2012-06-01,2028
2012-04-27,2012-05-26,2012-05-27,2012-06-02,2029
2012-04-28,2012-05-27,2012-05-28,2012-06-03,2030
2012-04-29,2012-05-28,2012-05-29,2012-06-04,2031
2012-04-30,2012-05-29,2012-05-30,2012-06-05,2032
2012-05-01,2012-05-30,2012-05-31,2012-06-06,2033
2012-05-02,2012-05-31,2012-06-01,2012-06-07,2034
2012-05-03,2012-06-01,2012-06-02,2012-06-08,2035
2012-05-04,2012-06-02,2012-06-03,2012-06-09,2036
2012-05-05,2012-06-03,2012-06-04,2012-06-10,2037
2012-05-06,2012-06-04,2012-06-05,2012-06-11,2038
2012-05-07,2012-06-05,2012-06-06,2012-06-12,2039
2012-05-08,2012-06-06,2012-06-07,2012-06-13,2040
2012-05-09,2012-06-07,2012-06-08,2012-06-14,2041
2012-05-10,2012-06-08,2012-06-09,2012-06-15,2042
2012-05-11,2012-06-09,2012-06-10,2012-06-16,2043
2012-05-12,2012-06-10,2012-06-11,2012-06-17,2044
2012-05-13,2012-06-11,2012-06-12,2012-06-18,2045
2012-05-14,2012-06-12,2012-06-13,2012-06-19,2046
2012-05-15,2012-06-13,2012-06-14,2012-06-20,2047
2012-05-16,2012-06-14,2012-06-15,2012-06-21,2048
2012-05-17,2012-06-15,2012-06-16,2012-06-22,2049
2012-05-18,2012-06-16,2012-06-17,2012-06-23,2050
2012-05-19,2012-06-17,2012-06-18,2012-06-24,2051
2012-05-20,2012-06-18,2012-06-19,2012-06-25,2052
2012-05-21,2012-06-19,2012-06-20,2012-06-26,2053
2012-05-22,2012-06-20,2012-06-21,2012-06-27,2054
2012-05-23,2012-06-21,2012-06-22,2012-06-28,2055
2012-05-24,2012-06-22,2012-06-23,2012-06-29,2056
2012-05-25,2012-06-23,2012-06-24,2012-06-30,2057
2013-04-01,2013-04-30,2013-05-01,2013-05-07,2094
2013-04-02,2013-05-01,2013-05-02,2013-05-08,2095
2013-04-03,2013-05-02,2013-05-03,2013-05-09,2096
2013-04-04,2013-05-03,2013-05-04,2013-05-10,2097
2013-04-05,2013-05-04,2013-05-05,2013-05-11,2098
2013-04-06,2013-05-05,2013-05-06,2013-05-12,2099
2013-04-07,2013-05-06,2013-05-07,2013-05-13,2100
2013-04-08,2013-05-07,2013-05-08,2013-05-14,2101
2013-04-09,2013-05-08,2013-05-09,2013-05-15,2102
2013-04-10,2013-05-09,2013-05-10,2013-05-16,2103
2013-04-11,2013-05-10,2013-05-11,2013-05-17,2104
2013-04-12,2013-05-11,2013-05-12,2013-05-18,2105
2013-04-13,2013-05-12,2013-05-13,2013-05-19,2106
2013-04-14,2013-05-13,2013-05-14,2013-05-20,2107
2013-04-15,2013-05-14,2013-05-15,2013-05-21,2108
2013-04-16,2013-05-15,2013-05-16,2013-05-22,2109
2013-04-17,2013-05-16,2013-05-17,2013-05-23,2110
2013-04-18,2013-05-17,2013-05-18,2013-05-24,2111
2013-04-19,2013-05-18,2013-05-19,2013-05-25,2112
2013-04-20,2013-05-19,2013-05-20,2013-05-26,2113
2013-04-21,2013-05-20,2013-05-21,2013-05-27,2114
2013-04-22,2013-05-21,2013-05-22,2013-05-28,2115
2013-04-23,2013-05-22,2013-05-23,2013-05-29,2116
2013-04-24,2013-05-23,2013-05-24,2013-05-30,2117
2013-04-25,2013-05-24,2013-05-25,2013-05-31,2118
2013-04-26,2013-05-25,2013-05-26,2013-06-01,2119
2013-04-27,2013-05-26,2013-05-27,2013-06-02,2120
2013-04-28,2013-05-27,2013-05-28,2013-06-03,2121
2013-04-29,2013-05-28,2013-05-29,2013-06-04,2122
2013-04-30,2013-05-29,2013-05-30,2013-06-05,2123
2013-05-01,2013-05-30,2013-05-31,2013-06-06,2124
2013-05-02,2013-05-31,2013-06-01,2013-06-07,2125
2013-05-03,2013-06-01,2013-06-02,2013-06-08,2126
2013-05-04,2013-06-02,2013-06-03,2013-06-09,2127
2013-05-05,2013-06-03,2013-06-04,2013-06-10,2128
2013-05-06,2013-06-04,2013-06-05,2013-06-11,2129
2013-05-07,2013-06-05,2013-06-06,2013-06-12,2130
2013-05-08,2013-06-06,2013-06-07,2013-06-13,2131
2013-05-09,2013-06-07,2013-06-08,2013-06-14,2132
2013-05-10,2013-06-08,2013-06-09,2013-06-15,2133
2013-05-11,2013-06-09,2013-06-10,2013-06-16,2134
2013-05-12,2013-06-10,2013-06-11,2013-06-17,2135
2013-05-13,2013-06-11,2013-06-12,2013-06-18,2136
2013-05-14,2013-06-12,2013-06-13,2013-06-19,2137
2013-05-15,2013-06-13,2013-06-14,2013-06-20,2138
2013-05-16,2013-06-14,2013-06-15,2013-06-21,2139
2013-05-17,2013-06-15,2013-06-16,2013-06-22,2140
2013-05-18,2013-06-16,2013-06-17,2013-06-23,2141
2013-05-19,2013-06-17,2013-06-18,2013-06-24,2142
2013-05-20,2013-06-18,2013-06-19,2013-06-25,2143
2013-05-21,2013-06-19,2013-06-20,2013-06-26,2144
2013-05-22,2013-06-20,2013-06-21,2013-06-27,2145
2013-05-23,2013-06-21,2013-06-22,2013-06-28,2146
2013-05-24,2013-06-22,2013-06-23,2013-06-29,2147
2013-05-25,2013-06-23,2013-06-24,2013-06-30,2148
2014-04-01,2014-04-30,2014-05-01,2014-05-07,2185
2014-04-02,2014-05-01,2014-05-02,2014-05-08,2186
2014-04-03,2014-05-02,2014-05-03,2014-05-09,2187
2014-04-04,2014-05-03,2014-05-04,2014-05-10,2188
2014-04-05,2014-05-04,2014-05-05,2014-05-11,2189
2014-04-06,2014-05-05,2014-05-06,2014-05-12,2190
2014-04-07,2014-05-06,2014-05-07,2014-05-13,2191
2014-04-08,2014-05-07,2014-05-08,2014-05-14,2192
2014-04-09,2014-05-08,2014-05-09,2014-05-15,2193
2014-04-10,2014-05-09,2014-05-10,2014-05-16,2194
2014-04-11,2014-05-10,2014-05-11,2014-05-17,2195
2014-04-12,2014-05-11,2014-05-12,2014-05-18,2196
2014-04-13,2014-05-12,2014-05-13,2014-05-19,2197
2014-04-14,2014-05-13,2014-05-14,2014-05-20,2198
2014-04-15,2014-05-14,2014-05-15,2014-05-21,2199
2014-04-16,2014-05-15,2014-05-16,2014-05-22,2200
2014-04-17,2014-05-16,2014-05-17,2014-05-23,2201
2014-04-18,2014-05-17,2014-05-18,2014-05-24,2202
2014-04-19,2014-05-18,2014-05-19,2014-05-25,2203
2014-04-20,2014-05-19,2014-05-20,2014-05-26,2204
2014-04-21,2014-05-20,2014-05-21,2014-05-27,2205
2014-04-22,2014-05-21,2014-05-22,2014-05-28,2206
2014-04-23,2014-05-22,2014-05-23,2014-05-29,2207
2014-04-24,2014-05-23,2014-05-24,2014-05-30,2208
2014-04-25,2014-05-24,2014-05-25,2014-05-31,2209
2014-04-26,2014-05-25,2014-05-26,2014-06-01,2210
2014-04-27,2014-05-26,2014-05-27,2014-06-02,2211
2014-04-28,2014-05-27,2014-05-28,2014-06-03,2212
2014-04-29,2014-05-28,2014-05-29,2014-06-04,2213
2014-04-30,2014-05-29,2014-05-30,2014-06-05,2214
2014-05-01,2014-05-30,2014-05-31,2014-06-06,2215
2014-05-02,2014-05-31,2014-06-01,2014-06-07,2216
2014-05-03,2014-06-01,2014-06-02,2014-06-08,2217
2014-05-04,2014-06-02,2014-06-03,2014-06-09,2218
2014-05-05,2014-06-03,2014-06-04,2014-06-10,2219
2014-05-06,2014-06-04,2014-06-05,2014-06-11,2220
2014-05-07,2014-06-05,2014-06-06,2014-06-12,2221
2014-05-08,2014-06-06,2014-06-07,2014-06-13,2222
2014-05-09,2014-06-07,2014-06-08,2014-06-14,2223
2014-05-10,2014-06-08,2014-06-09,2014-06-15,2224
2014-05-11,2014-06-09,2014-06-10,2014-06-16,2225
2014-05-12,2014-06-10,2014-06-11,2014-06-17,2226
2014-05-13,2014-06-11,2014-06-12,2014-06-18,2227
2014-05-14,2014-06-12,2014-06-13,2014-06-19,2228
2014-05-15,2014-06-13,2014-06-14,2014-06-20,2229
2014-05-16,2014-06-14,2014-06-15,2014-06-21,2230
2014-05-17,2014-06-15,2014-06-16,2014-06-22,2231
2014-05-18,2014-06-16,2014-06-17,2014-06-23,2232
2014-05-19,2014-06-17,2014-06-18,2014-06-24,2233
2014-05-20,2014-06-18,2014-06-19,2014-06-25,2234
2014-05-21,2014-06-19,2014-06-20,2014-06-26,2235
2014-05-22,2014-06-20,2014-06-21,2014-06-27,2236
2014-05-23,2014-06-21,2014-06-22,2014-06-28,2237
2014-05-24,2014-06-22,2014-06-23,2014-06-29,2238
2014-05-25,2014-06-23,2014-06-24,2014-06-30,2239
2015-04-01,2015-04-30,2015-05-01,2015-05-07,2276
2015-04-02,2015-05-01,2015-05-02,2015-05-08,2277
2015-04-03,2015-05-02,2015-05-03,2015-05-09,2278
2015-04-04,2015-05-03,2015-05-04,2015-05-10,2279
2015-04-05,2015-05-04,2015-05-05,2015-05-11,2280
2015-04-06,2015-05-05,2015-05-06,2015-05-12,2281
2015-04-07,2015-05-06,2015-05-07,2015-05-13,2282
2015-04-08,2015-05-07,2015-05-08,2015-05-14,2283
2015-04-09,2015-05-08,2015-05-09,2015-05-15,2284
2015-04-10,2015-05-09,2015-05-10,2015-05-16,2285
2015-04-11,2015-05-10,2015-05-11,2015-05-17,2286
2015-04-12,2015-05-11,2015-05-12,2015-05-18,2287
2015-04-13,2015-05-12,2015-05-13,2015-05-19,2288
2015-04-14,2015-05-13,2015-05-14,2015-05-20,2289
2015-04-15,2015-05-14,2015-05-15,2015-05-21,2290
2015-04-16,2015-05-15,2015-05-16,2015-05-22,2291
2015-04-17,2015-05-16,2015-05-17,2015-05-23,2292
2015-04-18,2015-05-17,2015-05-18,2015-05-24,2293
2015-04-19,2015-05-18,2015-05-19,2015-05-25,2294
2015-04-20,2015-05-19,2015-05-20,2015-05-26,2295
2015-04-21,2015-05-20,2015-05-21,2015-05-27,2296
2015-04-22,2015-05-21,2015-05-22,2015-05-28,2297
2015-04-23,2015-05-22,2015-05-23,2015-05-29,2298
2015-04-24,2015-05-23,2015-05-24,2015-05-30,2299
2015-04-25,2015-05-24,2015-05-25,2015-05-31,2300
2015-04-26,2015-05-25,2015-05-26,2015-06-01,2301
2015-04-27,2015-05-26,2015-05-27,2015-06-02,2302
2015-04-28,2015-05-27,2015-05-28,2015-06-03,2303
2015-04-29,2015-05-28,2015-05-29,2015-06-04,2304
2015-04-30,2015-05-29,2015-05-30,2015-06-05,2305
2015-05-01,2015-05-30,2015-05-31,2015-06-06,2306
2015-05-02,2015-05-31,2015-06-01,2015-06-07,2307
2015-05-03,2015-06-01,2015-06-02,2015-06-08,2308
2015-05-04,2015-06-02,2015-06-03,2015-06-09,2309
2015-05-05,2015-06-03,2015-06-04,2015-06-10,2310
2015-05-06,2015-06-04,2015-06-05,2015-06-11,2311
2015-05-07,2015-06-05,2015-06-06,2015-06-12,2312
2015-05-08,2015-06-06,2015-06-07,2015-06-13,2313
2015-05-09,2015-06-07,2015-06-08,2015-06-14,2314
2015-05-10,2015-06-08,2015-06-09,2015-06-15,2315
2015-05-11,2015-06-09,2015-06-10,2015-06-16,2316
2015-05-12,2015-06-10,2015-06-11,2015-06-17,2317
2015-05-13,2015-06-11,2015-06-12,2015-06-18,2318
2015-05-14,2015-06-12,2015-06-13,2015-06-19,2319
2015-05-15,2015-06-13,2015-06-14,2015-06-20,2320
2015-05-16,2015-06-14,2015-06-15,2015-06-21,2321
2015-05-17,2015-06-15,2015-06-16,2015-06-22,2322
2015-05-18,2015-06-16,2015-06-17,2015-06-23,2323
2015-05-19,2015-06-17,2015-06-18,2015-06-24,2324
2015-05-20,2015-06-18,2015-06-19,2015-06-25,2325
2015-05-21,2015-06-19,2015-06-20,2015-06-26,2326
2015-05-22,2015-06-20,2015-06-21,2015-06-27,2327
2015-05-23,2015-06-21,2015-06-22,2015-06-28,2328
2015-05-24,2015-06-22,2015-06-23,2015-06-29,2329
2015-05-25,2015-06-23,2015-06-24,2015-06-30,2330
2016-04-02,2016-05-01,2016-05-02,2016-05-08,2367
2016-04-03,2016-05-02,2016-05-03,2016-05-09,2368
2016-04-04,2016-05-03,2016-05-04,2016-05-10,2369
2016-04-05,2016-05-04,2016-05-05,2016-05-11,2370
2016-04-06,2016-05-05,2016-05-06,2016-05-12,2371
2016-04-07,2016-05-06,2016-05-07,2016-05-13,2372
2016-04-08,2016-05-07,2016-05-08,2016-05-14,2373
2016-04-09,2016-05-08,2016-05-09,2016-05-15,2374
2016-04-10,2016-05-09,2016-05-10,2016-05-16,2375
2016-04-11,2016-05-10,2016-05-11,2016-05-17,2376
2016-04-12,2016-05-11,2016-05-12,2016-05-18,2377
2016-04-13,2016-05-12,2016-05-13,2016-05-19,2378
2016-04-14,2016-05-13,2016-05-14,2016-05-20,2379
2016-04-15,2016-05-14,2016-05-15,2016-05-21,2380
2016-04-16,2016-05-15,2016-05-16,2016-05-22,2381
2016-04-17,2016-05-16,2016-05-17,2016-05-23,2382
2016-04-18,2016-05-17,2016-05-18,2016-05-24,2383
2016-04-19,2016-05-18,2016-05-19,2016-05-25,2384
2016-04-20,2016-05-19,2016-05-20,2016-05-26,2385
2016-04-21,2016-05-20,2016-05-21,2016-05-27,2386
2016-04-22,2016-05-21,2016-05-22,2016-05-28,2387
2016-04-23,2016-05-22,2016-05-23,2016-05-29,2388
2016-04-24,2016-05-23,2016-05-24,2016-05-30,2389
2016-04-25,2016-05-24,2016-05-25,2016-05-31,2390
2016-04-26,2016-05-25,2016-05-26,2016-06-01,2391
2016-04-27,2016-05-26,2016-05-27,2016-06-02,2392
2016-04-28,2016-05-27,2016-05-28,2016-06-03,2393
2016-04-29,2016-05-28,2016-05-29,2016-06-04,2394
2016-04-30,2016-05-29,2016-05-30,2016-06-05,2395
2016-05-01,2016-05-30,2016-05-31,2016-06-06,2396
2016-05-02,2016-05-31,2016-06-01,2016-06-07,2397
2016-05-03,2016-06-01,2016-06-02,2016-06-08,2398
2016-05-04,2016-06-02,2016-06-03,2016-06-09,2399
2016-05-05,2016-06-03,2016-06-04,2016-06-10,2400
2016-05-06,2016-06-04,2016-06-05,2016-06-11,2401
2016-05-07,2016-06-05,2016-06-06,2016-06-12,2402
2016-05-08,2016-06-06,2016-06-07,2016-06-13,2403
2016-05-09,2016-06-07,2016-06-08,2016-06-14,2404
2016-05-10,2016-06-08,2016-06-09,2016-06-15,2405
2016-05-11,2016-06-09,2016-06-10,2016-06-16,2406
2016-05-12,2016-06-10,2016-06-11,2016-06-17,2407
2016-05-13,2016-06-11,2016-06-12,2016-06-18,2408
2016-05-14,2016-06-12,2016-06-13,2016-06-19,2409
2016-05-15,2016-06-13,2016-06-14,2016-06-20,2410
2016-05-16,2016-06-14,2016-06-15,2016-06-21,2411
2016-05-17,2016-06-15,2016-06-16,2016-06-22,2412
2016-05-18,2016-06-16,2016-06-17,2016-06-23,2413
2016-05-19,2016-06-17,2016-06-18,2016-06-24,2414
2016-05-20,2016-06-18,2016-06-19,2016-06-25,2415
2016-05-21,2016-06-19,2016-06-20,2016-06-26,2416
2016-05-22,2016-06-20,2016-06-21,2016-06-27,2417
2016-05-23,2016-06-21,2016-06-22,2016-06-28,2418
2016-05-24,2016-06-22,2016-06-23,2016-06-29,2419
2016-05-25,2016-06-23,2016-06-24,2016-06-30,2420
2017-04-01,2017-04-30,2017-05-01,2017-05-07,2457
2017-04-02,2017-05-01,2017-05-02,2017-05-08,2458
2017-04-03,2017-05-02,2017-05-03,2017-05-09,2459
2017-04-04,2017-05-03,2017-05-04,2017-05-10,2460
2017-04-05,2017-05-04,2017-05-05,2017-05-11,2461
2017-04-06,2017-05-05,2017-05-06,2017-05-12,2462
2017-04-07,2017-05-06,2017-05-07,2017-05-13,2463
2017-04-08,2017-05-07,2017-05-08,2017-05-14,2464
2017-04-09,2017-05-08,2017-05-09,2017-05-15,2465
2017-04-10,2017-05-09,2017-05-10,2017-05-16,2466
2017-04-11,2017-05-10,2017-05-11,2017-05-17,2467
2017-04-12,2017-05-11,2017-05-12,2017-05-18,2468
2017-04-13,2017-05-12,2017-05-13,2017-05-19,2469
2017-04-14,2017-05-13,2017-05-14,2017-05-20,2470
2017-04-15,2017-05-14,2017-05-15,2017-05-21,2471
2017-04-16,2017-05-15,2017-05-16,2017-05-22,2472
2017-04-17,2017-05-16,2017-05-17,2017-05-23,2473
2017-04-18,2017-05-17,2017-05-18,2017-05-24,2474
2017-04-19,2017-05-18,2017-05-19,2017-05-25,2475
2017-04-20,2017-05-19,2017-05-20,2017-05-26,2476
2017-04-21,2017-05-20,2017-05-21,2017-05-27,2477
2017-04-22,2017-05-21,2017-05-22,2017-05-28,2478
2017-04-23,2017-05-22,2017-05-23,2017-05-29,2479
2017-04-24,2017-05-23,2017-05-24,2017-05-30,2480
2017-04-25,2017-05-24,2017-05-25,2017-05-31,2481
2017-04-26,2017-05-25,2017-05-26,2017-06-01,2482
2017-04-27,2017-05-26,2017-05-27,2017-06-02,2483
2017-04-28,2017-05-27,2017-05-28,2017-06-03,2484
2017-04-29,2017-05-28,2017-05-29,2017-06-04,2485
2017-04-30,2017-05-29,2017-05-30,2017-06-05,2486
2017-05-01,2017-05-30,2017-05-31,2017-06-06,2487
2017-05-02,2017-05-31,2017-06-01,2017-06-07,2488
2017-05-03,2017-06-01,2017-06-02,2017-06-08,2489
2017-05-04,2017-06-02,2017-06-03,2017-06-09,2490
2017-05-05,2017-06-03,2017-06-04,2017-06-10,2491
2017-05-06,2017-06-04,2017-06-05,2017-06-11,2492
2017-05-07,2017-06-05,2017-06-06,2017-06-12,2493
2017-05-08,2017-06-06,2017-06-07,2017-06-13,2494
2017-05-09,2017-06-07,2017-06-08,2017-06-14,2495
2017-05-10,2017-06-08,2017-06-09,2017-06-15,2496
2017-05-11,2017-06-09,2017-06-10,2017-06-16,2497
2017-05-12,2017-06-10,2017-06-11,2017-06-17,2498
2017-05-13,2017-06-11,2017-06-12,2017-06-18,2499
2017-05-14,2017-06-12,2017-06-13,2017-06-19,2500
2017-05-15,2017-06-13,2017-06-14,2017-06-20,2501
2017-05-16,2017-06-14,2017-06-15,2017-06-21,2502
2017-05-17,2017-06-15,2017-06-16,2017-06-22,2503
2017-05-18,2017-06-16,2017-06-17,2017-06-23,2504
2017-05-19,2017-06-17,2017-06-18,2017-06-24,2505
2017-05-20,2017-06-18,2017-06-19,2017-06-25,2506
2017-05-21,2017-06-19,2017-06-20,2017-06-26,2507
2017-05-22,2017-06-20,2017-06-21,2017-06-27,2508
2017-05-23,2017-06-21,2017-06-22,2017-06-28,2509
2017-05-24,2017-06-22,2017-06-23,2017-06-29,2510
2017-05-25,2017-06-23,2017-06-24,2017-06-30,2511
2018-04-01,2018-04-30,2018-05-01,2018-05-07,2548
2018-04-02,2018-05-01,2018-05-02,2018-05-08,2549
2018-04-03,2018-05-02,2018-05-03,2018-05-09,2550
2018-04-04,2018-05-03,2018-05-04,2018-05-10,2551
2018-04-05,2018-05-04,2018-05-05,2018-05-11,2552
2018-04-06,2018-05-05,2018-05-06,2018-05-12,2553
2018-04-07,2018-05-06,2018-05-07,2018-05-13,2554
2018-04-08,2018-05-07,2018-05-08,2018-05-14,2555
2018-04-09,2018-05-08,2018-05-09,2018-05-15,2556
2018-04-10,2018-05-09,2018-05-10,2018-05-16,2557
2018-04-11,2018-05-10,2018-05-11,2018-05-17,2558
2018-04-12,2018-05-11,2018-05-12,2018-05-18,2559
2018-04-13,2018-05-12,2018-05-13,2018-05-19,2560
2018-04-14,2018-05-13,2018-05-14,2018-05-20,2561
2018-04-15,2018-05-14,2018-05-15,2018-05-21,2562
2018-04-16,2018-05-15,2018-05-16,2018-05-22,2563
2018-04-17,2018-05-16,2018-05-17,2018-05-23,2564
2018-04-18,2018-05-17,2018-05-18,2018-05-24,2565
2018-04-19,2018-05-18,2018-05-19,2018-05-25,2566
2018-04-20,2018-05-19,2018-05-20,2018-05-26,2567
2018-04-21,2018-05-20,2018-05-21,2018-05-27,2568
2018-04-22,2018-05-21,2018-05-22,2018-05-28,2569
2018-04-23,2018-05-22,2018-05-23,2018-05-29,2570
2018-04-24,2018-05-23,2018-05-24,2018-05-30,2571
2018-04-25,2018-05-24,2018-05-25,2018-05-31,2572
2018-04-26,2018-05-25,2018-05-26,2018-06-01,2573
2018-04-27,2018-05-26,2018-05-27,2018-06-02,2574
2018-04-28,2018-05-27,2018-05-28,2018-06-03,2575
2018-04-29,2018-05-28,2018-05-29,2018-06-04,2576
2018-04-30,2018-05-29,2018-05-30,2018-06-05,2577
2018-05-01,2018-05-30,2018-05-31,2018-06-06,2578
2018-05-02,2018-05-31,2018-06-01,2018-06-07,2579
2018-05-03,2018-06-01,2018-06-02,2018-06-08,2580
2018-05-04,2018-06-02,2018-06-03,2018-06-09,2581
2018-05-05,2018-06-03,2018-06-04,2018-06-10,2582
2018-05-06,2018-06-04,2018-06-05,2018-06-11,2583
2018-05-07,2018-06-05,2018-06-06,2018-06-12,2584
2018-05-08,2018-06-06,2018-06-07,2018-06-13,2585
2018-05-09,2018-06-07,2018-06-08,2018-06-14,2586
2018-05-10,2018-06-08,2018-06-09,2018-06-15,2587
2018-05-11,2018-06-09,2018-06-10,2018-06-16,2588
2018-05-12,2018-06-10,2018-06-11,2018-06-17,2589
2018-05-13,2018-06-11,2018-06-12,2018-06-18,2590
2018-05-14,2018-06-12,2018-06-13,2018-06-19,2591
2018-05-15,2018-06-13,2018-06-14,2018-06-20,2592
2018-05-16,2018-06-14,2018-06-15,2018-06-21,2593
2018-05-17,2018-06-15,2018-06-16,2018-06-22,2594
2018-05-18,2018-06-16,2018-06-17,2018-06-23,2595
2018-05-19,2018-06-17,2018-06-18,2018-06-24,2596
2018-05-20,2018-06-18,2018-06-19,2018-06-25,2597
2018-05-21,2018-06-19,2018-06-20,2018-06-26,2598
2018-05-22,2018-06-20,2018-06-21,2018-06-27,2599
2018-05-23,2018-06-21,2018-06-22,2018-06-28,2600
2018-05-24,2018-06-22,2018-06-23,2018-06-29,2601
2018-05-25,2018-06-23,2018-06-24,2018-06-30,2602
2019-04-01,2019-04-30,2019-05-01,2019-05-07,2639
2019-04-02,2019-05-01,2019-05-02,2019-05-08,2640
2019-04-03,2019-05-02,2019-05-03,2019-05-09,2641
2019-04-04,2019-05-03,2019-05-04,2019-05-10,2642
2019-04-05,2019-05-04,2019-05-05,2019-05-11,2643
2019-04-06,2019-05-05,2019-05-06,2019-05-12,2644
2019-04-07,2019-05-06,2019-05-07,2019-05-13,2645
2019-04-08,2019-05-07,2019-05-08,2019-05-14,2646
2019-04-09,2019-05-08,2019-05-09,2019-05-15,2647
2019-04-10,2019-05-09,2019-05-10,2019-05-16,2648
2019-04-11,2019-05-10,2019-05-11,2019-05-17,2649
2019-04-12,2019-05-11,2019-05-12,2019-05-18,2650
2019-04-13,2019-05-12,2019-05-13,2019-05-19,2651
2019-04-14,2019-05-13,2019-05-14,2019-05-20,2652
2019-04-15,2019-05-14,2019-05-15,2019-05-21,2653
2019-04-16,2019-05-15,2019-05-16,2019-05-22,2654
2019-04-17,2019-05-16,2019-05-17,2019-05-23,2655
2019-04-18,2019-05-17,2019-05-18,2019-05-24,2656
2019-04-19,2019-05-18,2019-05-19,2019-05-25,2657
2019-04-20,2019-05-19,2019-05-20,2019-05-26,2658
2019-04-21,2019-05-20,2019-05-21,2019-05-27,2659
2019-04-22,2019-05-21,2019-05-22,2019-05-28,2660
2019-04-23,2019-05-22,2019-05-23,2019-05-29,2661
2019-04-24,2019-05-23,2019-05-24,2019-05-30,2662
2019-04-25,2019-05-24,2019-05-25,2019-05-31,2663
2019-04-26,2019-05-25,2019-05-26,2019-06-01,2664
2019-04-27,2019-05-26,2019-05-27,2019-06-02,2665
2019-04-28,2019-05-27,2019-05-28,2019-06-03,2666
2019-04-29,2019-05-28,2019-05-29,2019-06-04,2667
2019-04-30,2019-05-29,2019-05-30,2019-06-05,2668
2019-05-01,2019-05-30,2019-05-31,2019-06-06,2669
2019-05-02,2019-05-31,2019-06-01,2019-06-07,2670
2019-05-03,2019-06-01,2019-06-02,2019-06-08,2671
2019-05-04,2019-06-02,2019-06-03,2019-06-09,2672
2019-05-05,2019-06-03,2019-06-04,2019-06-10,2673
2019-05-06,2019-06-04,2019-06-05,2019-06-11,2674
2019-05-07,2019-06-05,2019-06-06,2019-06-12,2675
2019-05-08,2019-06-06,2019-06-07,2019-06-13,2676
2019-05-09,2019-06-07,2019-06-08,2019-06-14,2677
2019-05-10,2019-06-08,2019-06-09,2019-06-15,2678
2019-05-11,2019-06-09,2019-06-10,2019-06-16,2679
2019-05-12,2019-06-10,2019-06-11,2019-06-17,2680
2019-05-13,2019-06-11,2019-06-12,2019-06-18,2681
2019-05-14,2019-06-12,2019-06-13,2019-06-19,2682
2019-05-15,2019-06-13,2019-06-14,2019-06-20,2683
2019-05-16,2019-06-14,2019-06-15,2019-06-21,2684
2019-05-17,2019-06-15,2019-06-16,2019-06-22,2685
2019-05-18,2019-06-16,2019-06-17,2019-06-23,2686
2019-05-19,2019-06-17,2019-06-18,2019-06-24,2687
2019-05-20,2019-06-18,2019-06-19,2019-06-25,2688
2019-05-21,2019-06-19,2019-06-20,2019-06-26,2689
2019-05-22,2019-06-20,2019-06-21,2019-06-27,2690
2019-05-23,2019-06-21,2019-06-22,2019-06-28,2691
2019-05-24,2019-06-22,2019-06-23,2019-06-29,2692
2019-05-25,2019-06-23,2019-06-24,2019-06-30,2693
2020-04-01,2020-04-30,2020-05-01,2020-05-07,2730
2020-04-02,2020-05-01,2020-05-02,2020-05-08,2731
2020-04-03,2020-05-02,2020-05-03,2020-05-09,2732
2020-04-04,2020-05-03,2020-05-04,2020-05-10,2733
2020-04-05,2020-05-04,2020-05-05,2020-05-11,2734
2020-04-06,2020-05-05,2020-05-06,2020-05-12,2735
2020-04-07,2020-05-06,2020-05-07,2020-05-13,2736
2020-04-08,2020-05-07,2020-05-08,2020-05-14,2737
2020-04-09,2020-05-08,2020-05-09,2020-05-15,2738
2020-04-10,2020-05-09,2020-05-10,2020-05-16,2739
2020-04-11,2020-05-10,2020-05-11,2020-05-17,2740
2020-04-12,2020-05-11,2020-05-12,2020-05-18,2741
2020-04-13,2020-05-12,2020-05-13,2020-05-19,2742
2020-04-14,2020-05-13,2020-05-14,2020-05-20,2743
2020-04-15,2020-05-14,2020-05-15,2020-05-21,2744
2020-04-16,2020-05-15,2020-05-16,2020-05-22,2745
2020-04-17,2020-05-16,2020-05-17,2020-05-23,2746
2020-04-18,2020-05-17,2020-05-18,2020-05-24,2747
2020-04-19,2020-05-18,2020-05-19,2020-05-25,2748
2020-04-20,2020-05-19,2020-05-20,2020-05-26,2749
2020-04-21,2020-05-20,2020-05-21,2020-05-27,2750
2020-04-22,2020-05-21,2020-05-22,2020-05-28,2751
2020-04-23,2020-05-22,2020-05-23,2020-05-29,2752
2020-04-24,2020-05-23,2020-05-24,2020-05-30,2753
2020-04-25,2020-05-24,2020-05-25,2020-05-31,2754
2020-04-26,2020-05-25,2020-05-26,2020-06-01,2755
2020-04-27,2020-05-26,2020-05-27,2020-06-02,2756
2020-04-28,2020-05-27,2020-05-28,2020-06-03,2757
2020-04-29,2020-05-28,2020-05-29,2020-06-04,2758
2020-04-30,2020-05-29,2020-05-30,2020-06-05,2759
2020-05-01,2020-05-30,2020-05-31,2020-06-06,2760
2020-05-02,2020-05-31,2020-06-01,2020-06-07,2761
2020-05-03,2020-06-01,2020-06-02,2020-06-08,2762
2020-05-04,2020-06-02,2020-06-03,2020-06-09,2763
2020-05-05,2020-06-03,2020-06-04,2020-06-10,2764
2020-05-06,2020-06-04,2020-06-05,2020-06-11,2765
2020-05-07,2020-06-05,2020-06-06,2020-06-12,2766
2020-05-08,2020-06-06,2020-06-07,2020-06-13,2767
2020-05-09,2020-06-07,2020-06-08,2020-06-14,2768
2020-05-10,2020-06-08,2020-06-09,2020-06-15,2769
2020-05-11,2020-06-09,2020-06-10,2020-06-16,2770
2020-05-12,2020-06-10,2020-06-11,2020-06-17,2771
2020-05-13,2020-06-11,2020-06-12,2020-06-18,2772
2020-05-14,2020-06-12,2020-06-13,2020-06-19,2773
2020-05-15,2020-06-13,2020-06-14,2020-06-20,2774
2020-05-16,2020-06-14,2020-06-15,2020-06-21,2775
2020-05-17,2020-06-15,2020-06-16,2020-06-22,2776
2020-05-18,2020-06-16,2020-06-17,2020-06-23,2777
2020-05-19,2020-06-17,2020-06-18,2020-06-24,2778
2020-05-20,2020-06-18,2020-06-19,2020-06-25,2779
2020-05-21,2020-06-19,2020-06-20,2020-06-26,2780
2020-05-22,2020-06-20,2020-06-21,2020-06-27,2781
2020-05-23,2020-06-21,2020-06-22,2020-06-28,2782
2020-05-24,2020-06-22,2020-06-23,2020-06-29,2783
2020-05-25,2020-06-23,2020-06-24,2020-06-30,2784
2021-04-01,2021-04-30,2021-05-01,2021-05-07,2821
2021-04-02,2021-05-01,2021-05-02,2021-05-08,2822
2021-04-03,2021-05-02,2021-05-03,2021-05-09,2823
2021-04-04,2021-05-03,2021-05-04,2021-05-10,2824
2021-04-05,2021-05-04,2021-05-05,2021-05-11,2825
2021-04-06,2021-05-05,2021-05-06,2021-05-12,2826
2021-04-07,2021-05-06,2021-05-07,2021-05-13,2827
2021-04-08,2021-05-07,2021-05-08,2021-05-14,2828
2021-04-09,2021-05-08,2021-05-09,2021-05-15,2829
2021-04-10,2021-05-09,2021-05-10,2021-05-16,2830
2021-04-11,2021-05-10,2021-05-11,2021-05-17,2831
2021-04-12,2021-05-11,2021-05-12,2021-05-18,2832
2021-04-13,2021-05-12,2021-05-13,2021-05-19,2833
2021-04-14,2021-05-13,2021-05-14,2021-05-20,2834
2021-04-15,2021-05-14,2021-05-15,2021-05-21,2835
2021-04-16,2021-05-15,2021-05-16,2021-05-22,2836
2021-04-17,2021-05-16,2021-05-17,2021-05-23,2837
2021-04-18,2021-05-17,2021-05-18,2021-05-24,2838
2021-04-19,2021-05-18,2021-05-19,2021-05-25,2839
2021-04-20,2021-05-19,2021-05-20,2021-05-26,2840
2021-04-21,2021-05-20,2021-05-21,2021-05-27,2841
2021-04-22,2021-05-21,2021-05-22,2021-05-28,2842
2021-04-23,2021-05-22,2021-05-23,2021-05-29,2843
2021-04-24,2021-05-23,2021-05-24,2021-05-30,2844
2021-04-25,2021-05-24,2021-05-25,2021-05-31,2845
2021-04-26,2021-05-25,2021-05-26,2021-06-01,2846
2021-04-27,2021-05-26,2021-05-27,2021-06-02,2847
2021-04-28,2021-05-27,2021-05-28,2021-06-03,2848
2021-04-29,2021-05-28,2021-05-29,2021-06-04,2849
2021-04-30,2021-05-29,2021-05-30,2021-06-05,2850
2021-05-01,2021-05-30,2021-05-31,2021-06-06,2851
2021-05-02,2021-05-31,2021-06-01,2021-06-07,2852
2021-05-03,2021-06-01,2021-06-02,2021-06-08,2853
2021-05-04,2021-06-02,2021-06-03,2021-06-09,2854
2021-05-05,2021-06-03,2021-06-04,2021-06-10,2855
2021-05-06,2021-06-04,2021-06-05,2021-06-11,2856
2021-05-07,2021-06-05,2021-06-06,2021-06-12,2857
2021-05-08,2021-06-06,2021-06-07,2021-06-13,2858
2021-05-09,2021-06-07,2021-06-08,2021-06-14,2859
2021-05-10,2021-06-08,2021-06-09,2021-06-15,2860
2021-05-11,2021-06-09,2021-06-10,2021-06-16,2861
2021-05-12,2021-06-10,2021-06-11,2021-06-17,2862
2021-05-13,2021-06-11,2021-06-12,2021-06-18,2863
2021-05-14,2021-06-12,2021-06-13,2021-06-19,2864
2021-05-15,2021-06-13,2021-06-14,2021-06-20,2865
2021-05-16,2021-06-14,2021-06-15,2021-06-21,2866
2021-05-17,2021-06-15,2021-06-16,2021-06-22,2867
2021-05-18,2021-06-16,2021-06-17,2021-06-23,2868
2021-05-19,2021-06-17,2021-06-18,2021-06-24,2869
2021-05-20,2021-06-18,2021-06-19,2021-06-25,2870
2021-05-21,2021-06-19,2021-06-20,2021-06-26,2871
2021-05-22,2021-06-20,2021-06-21,2021-06-27,2872
2021-05-23,2021-06-21,2021-06-22,2021-06-28,2873
2021-05-24,2021-06-22,2021-06-23,2021-06-29,2874
2021-05-25,2021-06-23,2021-06-24,2021-06-30,2875
2022-04-01,2022-04-30,2022-05-01,2022-05-07,2912
2022-04-02,2022-05-01,2022-05-02,2022-05-08,2913
2022-04-03,2022-05-02,2022-05-03,2022-05-09,2914
2022-04-04,2022-05-03,2022-05-04,2022-05-10,2915
2022-04-05,2022-05-04,2022-05-05,2022-05-11,2916
2022-04-06,2022-05-05,2022-05-06,2022-05-12,2917
2022-04-07,2022-05-06,2022-05-07,2022-05-13,2918
2022-04-08,2022-05-07,2022-05-08,2022-05-14,2919
2022-04-09,2022-05-08,2022-05-09,2022-05-15,2920
2022-04-10,2022-05-09,2022-05-10,2022-05-16,2921
2022-04-11,2022-05-10,2022-05-11,2022-05-17,2922
2022-04-12,2022-05-11,2022-05-12,2022-05-18,2923
2022-04-13,2022-05-12,2022-05-13,2022-05-19,2924
2022-04-14,2022-05-13,2022-05-14,2022-05-20,2925
2022-04-15,2022-05-14,2022-05-15,2022-05-21,2926
2022-04-16,2022-05-15,2022-05-16,2022-05-22,2927
2022-04-17,2022-05-16,2022-05-17,2022-05-23,2928
2022-04-18,2022-05-17,2022-05-18,2022-05-24,2929
2022-04-19,2022-05-18,2022-05-19,2022-05-25,2930
2022-04-20,2022-05-19,2022-05-20,2022-05-26,2931
2022-04-21,2022-05-20,2022-05-21,2022-05-27,2932
2022-04-22,2022-05-21,2022-05-22,2022-05-28,2933
2022-04-23,2022-05-22,2022-05-23,2022-05-29,2934
2022-04-24,2022-05-23,2022-05-24,2022-05-30,2935
2022-04-25,2022-05-24,2022-05-25,2022-05-31,2936
2022-04-26,2022-05-25,2022-05-26,2022-06-01,2937
2022-04-27,2022-05-26,2022-05-27,2022-06-02,2938
2022-04-28,2022-05-27,2022-05-28,2022-06-03,2939
2022-04-29,2022-05-28,2022-05-29,2022-06-04,2940
2022-04-30,2022-05-29,2022-05-30,2022-06-05,2941
2022-05-01,2022-05-30,2022-05-31,2022-06-06,2942
2022-05-02,2022-05-31,2022-06-01,2022-06-07,2943
2022-05-03,2022-06-01,2022-06-02,2022-06-08,2944
2022-05-04,2022-06-02,2022-06-03,2022-06-09,2945
2022-05-05,2022-06-03,2022-06-04,2022-06-10,2946
2022-05-06,2022-06-04,2022-06-05,2022-06-11,2947
2022-05-07,2022-06-05,2022-06-06,2022-06-12,2948
2022-05-08,2022-06-06,2022-06-07,2022-06-13,2949
2022-05-09,2022-06-07,2022-06-08,2022-06-14,2950
2022-05-10,2022-06-08,2022-06-09,2022-06-15,2951
2022-05-11,2022-06-09,2022-06-10,2022-06-16,2952
2022-05-12,2022-06-10,2022-06-11,2022-06-17,2953
2022-05-13,2022-06-11,2022-06-12,2022-06-18,2954
2022-05-14,2022-06-12,2022-06-13,2022-06-19,2955
2022-05-15,2022-06-13,2022-06-14,2022-06-20,2956
2022-05-16,2022-06-14,2022-06-15,2022-06-21,2957
2022-05-17,2022-06-15,2022-06-16,2022-06-22,2958
2022-05-18,2022-06-16,2022-06-17,2022-06-23,2959
2022-05-19,2022-06-17,2022-06-18,2022-06-24,2960
2022-05-20,2022-06-18,2022-06-19,2022-06-25,2961
2022-05-21,2022-06-19,2022-06-20,2022-06-26,2962
2022-05-22,2022-06-20,2022-06-21,2022-06-27,2963
2022-05-23,2022-06-21,2022-06-22,2022-06-28,2964
2022-05-24,2022-06-22,2022-06-23,2022-06-29,2965
2022-05-25,2022-06-23,2022-06-24,2022-06-30,2966
2023-04-01,2023-04-30,2023-05-01,2023-05-07,3003
2023-04-02,2023-05-01,2023-05-02,2023-05-08,3004
2023-04-03,2023-05-02,2023-05-03,2023-05-09,3005
2023-04-04,2023-05-03,2023-05-04,2023-05-10,3006
2023-04-05,2023-05-04,2023-05-05,2023-05-11,3007
2023-04-06,2023-05-05,2023-05-06,2023-05-12,3008
2023-04-07,2023-05-06,2023-05-07,2023-05-13,3009
2023-04-08,2023-05-07,2023-05-08,2023-05-14,3010
2023-04-09,2023-05-08,2023-05-09,2023-05-15,3011
2023-04-10,2023-05-09,2023-05-10,2023-05-16,3012
2023-04-11,2023-05-10,2023-05-11,2023-05-17,3013
2023-04-12,2023-05-11,2023-05-12,2023-05-18,3014
2023-04-13,2023-05-12,2023-05-13,2023-05-19,3015
2023-04-14,2023-05-13,2023-05-14,2023-05-20,3016
2023-04-15,2023-05-14,2023-05-15,2023-05-21,3017
2023-04-16,2023-05-15,2023-05-16,2023-05-22,3018
2023-04-17,2023-05-16,2023-05-17,2023-05-23,3019
2023-04-18,2023-05-17,2023-05-18,2023-05-24,3020
2023-04-19,2023-05-18,2023-05-19,2023-05-25,3021
2023-04-20,2023-05-19,2023-05-20,2023-05-26,3022
2023-04-21,2023-05-20,2023-05-21,2023-05-27,3023
2023-04-22,2023-05-21,2023-05-22,2023-05-28,3024
2023-04-23,2023-05-22,2023-05-23,2023-05-29,3025
2023-04-24,2023-05-23,2023-05-24,2023-05-30,3026
2023-04-25,2023-05-24,2023-05-25,2023-05-31,3027
2023-04-26,2023-05-25,2023-05-26,2023-06-01,3028
2023-04-27,2023-05-26,2023-05-27,2023-06-02,3029
2023-04-28,2023-05-27,2023-05-28,2023-06-03,3030
2023-04-29,2023-05-28,2023-05-29,2023-06-04,3031
2023-04-30,2023-05-29,2023-05-30,2023-06-05,3032
2023-05-01,2023-05-30,2023-05-31,2023-06-06,3033
2023-05-02,2023-05-31,2023-06-01,2023-06-07,3034
2023-05-03,2023-06-01,2023-06-02,2023-06-08,3035
2023-05-04,2023-06-02,2023-06-03,2023-06-09,3036
2023-05-05,2023-06-03,2023-06-04,2023-06-10,3037
2023-05-06,2023-06-04,2023-06-05,2023-06-11,3038
2023-05-07,2023-06-05,2023-06-06,2023-06-12,3039
2023-05-08,2023-06-06,2023-06-07,2023-06-13,3040
2023-05-09,2023-06-07,2023-06-08,2023-06-14,3041
2023-05-10,2023-06-08,2023-06-09,2023-06-15,3042
2023-05-11,2023-06-09,2023-06-10,2023-06-16,3043
2023-05-12,2023-06-10,2023-06-11,2023-06-17,3044
2023-05-13,2023-06-11,2023-06-12,2023-06-18,3045
2023-05-14,2023-06-12,2023-06-13,2023-06-19,3046
2023-05-15,2023-06-13,2023-06-14,2023-06-20,3047
2023-05-16,2023-06-14,2023-06-15,2023-06-21,3048
2023-05-17,2023-06-15,2023-06-16,2023-06-22,3049
2023-05-18,2023-06-16,2023-06-17,2023-06-23,3050
2023-05-19,2023-06-17,2023-06-18,2023-06-24,3051
2023-05-20,2023-06-18,2023-06-19,2023-06-25,3052
2023-05-21,2023-06-19,2023-06-20,2023-06-26,3053
2023-05-22,2023-06-20,2023-06-21,2023-06-27,3054
2023-05-23,2023-06-21,2023-06-22,2023-06-28,3055
2023-05-24,2023-06-22,2023-06-23,2023-06-29,3056
2023-05-25,2023-06-23,2023-06-24,2023-06-30,3057
2024-04-01,2024-04-30,2024-05-01,2024-05-07,3094
2024-04-02,2024-05-01,2024-05-02,2024-05-08,3095
2024-04-03,2024-05-02,2024-05-03,2024-05-09,3096
2024-04-04,2024-05-03,2024-05-04,2024-05-10,3097
2024-04-05,2024-05-04,2024-05-05,2024-05-11,3098
2024-04-06,2024-05-05,2024-05-06,2024-05-12,3099
2024-04-07,2024-05-06,2024-05-07,2024-05-13,3100
2024-04-08,2024-05-07,2024-05-08,2024-05-14,3101
2024-04-09,2024-05-08,2024-05-09,2024-05-15,3102
2024-04-10,2024-05-09,2024-05-10,2024-05-16,3103
2024-04-11,2024-05-10,2024-05-11,2024-05-17,3104
2024-04-12,2024-05-11,2024-05-12,2024-05-18,3105
2024-04-13,2024-05-12,2024-05-13,2024-05-19,3106
2024-04-14,2024-05-13,2024-05-14,2024-05-20,3107
2024-04-15,2024-05-14,2024-05-15,2024-05-21,3108
2024-04-16,2024-05-15,2024-05-16,2024-05-22,3109
2024-04-17,2024-05-16,2024-05-17,2024-05-23,3110
2024-04-18,2024-05-17,2024-05-18,2024-05-24,3111
2024-04-19,2024-05-18,2024-05-19,2024-05-25,3112
2024-04-20,2024-05-19,2024-05-20,2024-05-26,3113
2024-04-21,2024-05-20,2024-05-21,2024-05-27,3114
2024-04-22,2024-05-21,2024-05-22,2024-05-28,3115
2024-04-23,2024-05-22,2024-05-23,2024-05-29,3116
2024-04-24,2024-05-23,2024-05-24,2024-05-30,3117
2024-04-25,2024-05-24,2024-05-25,2024-05-31,3118
2024-04-26,2024-05-25,2024-05-26,2024-06-01,3119
2024-04-27,2024-05-26,2024-05-27,2024-06-02,3120
2024-04-28,2024-05-27,2024-05-28,2024-06-03,3121
2024-04-29,2024-05-28,2024-05-29,2024-06-04,3122
2024-04-30,2024-05-29,2024-05-30,2024-06-05,3123
2024-05-01,2024-05-30,2024-05-31,2024-06-06,3124
2024-05-02,2024-05-31,2024-06-01,2024-06-07,3125
2024-05-03,2024-06-01,2024-06-02,2024-06-08,3126
2024-05-04,2024-06-02,2024-06-03,2024-06-09,3127
2024-05-05,2024-06-03,2024-06-04,2024-06-10,3128
2024-05-06,2024-06-04,2024-06-05,2024-06-11,3129
2024-05-07,2024-06-05,2024-06-06,2024-06-12,3130
2024-05-08,2024-06-06,2024-06-07,2024-06-13,3131
2024-05-09,2024-06-07,2024-06-08,2024-06-14,3132
2024-05-10,2024-06-08,2024-06-09,2024-06-15,3133
2024-05-11,2024-06-09,2024-06-10,2024-06-16,3134
2024-05-12,2024-06-10,2024-06-11,2024-06-17,3135
2024-05-13,2024-06-11,2024-06-12,2024-06-18,3136
2024-05-14,2024-06-12,2024-06-13,2024-06-19,3137
2024-05-15,2024-06-13,2024-06-14,2024-06-20,3138
2024-05-16,2024-06-14,2024-06-15,2024-06-21,3139
2024-05-17,2024-06-15,2024-06-16,2024-06-22,3140
2024-05-18,2024-06-16,2024-06-17,2024-06-23,3141
2024-05-19,2024-06-17,2024-06-18,2024-06-24,3142
2024-05-20,2024-06-18,2024-06-19,2024-06-25,3143
2024-05-21,2024-06-19,2024-06-20,2024-06-26,3144
2024-05-22,2024-06-20,2024-06-21,2024-06-27,3145
2024-05-23,2024-06-21,2024-06-22,2024-06-28,3146
2024-05-24,2024-06-22,2024-06-23,2024-06-29,3147
2024-05-25,2024-06-23,2024-06-24,2024-06-30,3148
